rosbagTimestamp,header,seq,stamp,secs,nsecs,frame_id,controllers_name,controllers_status,controllers_info,-,name,group,drone_num,status,ck_pt,drone_ID,control_freq,stats_name,stats
1543504674661035086,,0,,1543504674,660861292,'',[FastCircle],['OFF'],,"""FastCircle""","[AltHold, FullState]",1,"""OFF""",[],[0],80,"[avg_ctrl_freq, avg_est_latency]","[inf, 0.0]"
1543504674666681920,,1,,1543504674,666215020,'',[FastCircle],['OFF'],,"""FastCircle""","[AltHold, FullState]",1,"""OFF""",[],[0],80,"[avg_ctrl_freq, avg_est_latency]","[inf, 0.0]"
1543504674744913350,,2,,1543504674,744627525,'',[FastCircle],['OFF'],,"""FastCircle""","[AltHold, FullState]",1,"""OFF""",[],[0],80,"[avg_ctrl_freq, avg_est_latency]","[inf, 0.0]"
1543504674844419756,,3,,1543504674,844117909,'',[FastCircle],['OFF'],,"""FastCircle""","[AltHold, FullState]",1,"""OFF""",[],[0],80,"[avg_ctrl_freq, avg_est_latency]","[inf, 0.0]"
1543504674944857060,,4,,1543504674,944568101,'',[FastCircle],['OFF'],,"""FastCircle""","[AltHold, FullState]",1,"""OFF""",[],[0],80,"[avg_ctrl_freq, avg_est_latency]","[inf, 0.0]"
1543504675044210546,,5,,1543504675,43971735,'',[FastCircle],['OFF'],,"""FastCircle""","[AltHold, FullState]",1,"""OFF""",[],[0],80,"[avg_ctrl_freq, avg_est_latency]","[inf, 0.0]"
1543504675144753415,,6,,1543504675,144272519,'',[FastCircle],['OFF'],,"""FastCircle""","[AltHold, FullState]",1,"""OFF""",[],[0],80,"[avg_ctrl_freq, avg_est_latency]","[inf, 0.0]"
1543504675244900121,,7,,1543504675,244617848,'',[FastCircle],['OFF'],,"""FastCircle""","[AltHold, FullState]",1,"""OFF""",[],[0],80,"[avg_ctrl_freq, avg_est_latency]","[inf, 0.0]"
1543504675344321698,,8,,1543504675,343886834,'',[FastCircle],['OFF'],,"""FastCircle""","[AltHold, FullState]",1,"""OFF""",[],[0],80,"[avg_ctrl_freq, avg_est_latency]","[inf, 0.0]"
1543504675444661300,,9,,1543504675,444327522,'',[FastCircle],['OFF'],,"""FastCircle""","[AltHold, FullState]",1,"""OFF""",[],[0],80,"[avg_ctrl_freq, avg_est_latency]","[inf, 0.0]"
1543504675545182095,,10,,1543504675,544877373,'',[FastCircle],['OFF'],,"""FastCircle""","[AltHold, FullState]",1,"""OFF""",[],[0],80,"[avg_ctrl_freq, avg_est_latency]","[inf, 0.0]"
1543504675644548515,,11,,1543504675,644286608,'',[FastCircle],['OFF'],,"""FastCircle""","[AltHold, FullState]",1,"""OFF""",[],[0],80,"[avg_ctrl_freq, avg_est_latency]","[inf, 0.0]"
1543504675745017549,,12,,1543504675,744747011,'',[FastCircle],['OFF'],,"""FastCircle""","[AltHold, FullState]",1,"""OFF""",[],[0],80,"[avg_ctrl_freq, avg_est_latency]","[inf, 0.0]"
1543504675844416160,,13,,1543504675,844144773,'',[FastCircle],['OFF'],,"""FastCircle""","[AltHold, FullState]",1,"""OFF""",[],[0],80,"[avg_ctrl_freq, avg_est_latency]","[inf, 0.0]"
1543504675944855272,,14,,1543504675,944585607,'',[FastCircle],['OFF'],,"""FastCircle""","[AltHold, FullState]",1,"""OFF""",[],[0],80,"[avg_ctrl_freq, avg_est_latency]","[inf, 0.0]"
1543504676044364051,,15,,1543504676,44105189,'',[FastCircle],['OFF'],,"""FastCircle""","[AltHold, FullState]",1,"""OFF""",[],[0],80,"[avg_ctrl_freq, avg_est_latency]","[inf, 0.0]"
1543504676144722737,,16,,1543504676,144491479,'',[FastCircle],['OFF'],,"""FastCircle""","[AltHold, FullState]",1,"""OFF""",[],[0],80,"[avg_ctrl_freq, avg_est_latency]","[inf, 0.0]"
1543504676245093763,,17,,1543504676,244847506,'',[FastCircle],['OFF'],,"""FastCircle""","[AltHold, FullState]",1,"""OFF""",[],[0],80,"[avg_ctrl_freq, avg_est_latency]","[inf, 0.0]"
1543504676344548156,,18,,1543504676,344223202,'',[FastCircle],['OFF'],,"""FastCircle""","[AltHold, FullState]",1,"""OFF""",[],[0],80,"[avg_ctrl_freq, avg_est_latency]","[inf, 0.0]"
1543504676444925611,,19,,1543504676,444604610,'',[FastCircle],['OFF'],,"""FastCircle""","[AltHold, FullState]",1,"""OFF""",[],[0],80,"[avg_ctrl_freq, avg_est_latency]","[inf, 0.0]"
1543504676544351190,,20,,1543504676,544123462,'',[FastCircle],['OFF'],,"""FastCircle""","[AltHold, FullState]",1,"""OFF""",[],[0],80,"[avg_ctrl_freq, avg_est_latency]","[inf, 0.0]"
1543504676644777759,,21,,1543504676,644495545,'',[FastCircle],['OFF'],,"""FastCircle""","[AltHold, FullState]",1,"""OFF""",[],[0],80,"[avg_ctrl_freq, avg_est_latency]","[inf, 0.0]"
1543504676745219905,,22,,1543504676,744907308,'',[FastCircle],['OFF'],,"""FastCircle""","[AltHold, FullState]",1,"""OFF""",[],[0],80,"[avg_ctrl_freq, avg_est_latency]","[inf, 0.0]"
1543504676844753162,,23,,1543504676,844510117,'',[FastCircle],['OFF'],,"""FastCircle""","[AltHold, FullState]",1,"""OFF""",[],[0],80,"[avg_ctrl_freq, avg_est_latency]","[inf, 0.0]"
1543504676944250114,,24,,1543504676,943887934,'',[FastCircle],['OFF'],,"""FastCircle""","[AltHold, FullState]",1,"""OFF""",[],[0],80,"[avg_ctrl_freq, avg_est_latency]","[inf, 0.0]"
1543504677044564477,,25,,1543504677,44250123,'',[FastCircle],['OFF'],,"""FastCircle""","[AltHold, FullState]",1,"""OFF""",[],[0],80,"[avg_ctrl_freq, avg_est_latency]","[inf, 0.0]"
1543504677144928784,,26,,1543504677,144719966,'',[FastCircle],['OFF'],,"""FastCircle""","[AltHold, FullState]",1,"""OFF""",[],[0],80,"[avg_ctrl_freq, avg_est_latency]","[inf, 0.0]"
1543504677244679628,,27,,1543504677,244375870,'',[FastCircle],['OFF'],,"""FastCircle""","[AltHold, FullState]",1,"""OFF""",[],[0],80,"[avg_ctrl_freq, avg_est_latency]","[inf, 0.0]"
1543504677344707474,,28,,1543504677,344463241,'',[FastCircle],['OFF'],,"""FastCircle""","[AltHold, FullState]",1,"""OFF""",[],[0],80,"[avg_ctrl_freq, avg_est_latency]","[inf, 0.0]"
1543504677444091366,,29,,1543504677,443860013,'',[FastCircle],['OFF'],,"""FastCircle""","[AltHold, FullState]",1,"""OFF""",[],[0],80,"[avg_ctrl_freq, avg_est_latency]","[inf, 0.0]"
1543504677544554032,,30,,1543504677,544307547,'',[FastCircle],['OFF'],,"""FastCircle""","[AltHold, FullState]",1,"""OFF""",[],[0],80,"[avg_ctrl_freq, avg_est_latency]","[inf, 0.0]"
1543504677645028334,,31,,1543504677,644773984,'',[FastCircle],['OFF'],,"""FastCircle""","[AltHold, FullState]",1,"""OFF""",[],[0],80,"[avg_ctrl_freq, avg_est_latency]","[inf, 0.0]"
1543504677744414935,,32,,1543504677,744171620,'',[FastCircle],['OFF'],,"""FastCircle""","[AltHold, FullState]",1,"""OFF""",[],[0],80,"[avg_ctrl_freq, avg_est_latency]","[inf, 0.0]"
1543504677844891957,,33,,1543504677,844648348,'',[FastCircle],['OFF'],,"""FastCircle""","[AltHold, FullState]",1,"""OFF""",[],[0],80,"[avg_ctrl_freq, avg_est_latency]","[inf, 0.0]"
1543504677944379368,,34,,1543504677,944080523,'',[FastCircle],['OFF'],,"""FastCircle""","[AltHold, FullState]",1,"""OFF""",[],[0],80,"[avg_ctrl_freq, avg_est_latency]","[inf, 0.0]"
1543504678045559341,,35,,1543504678,44455670,'',[FastCircle],['OFF'],,"""FastCircle""","[AltHold, FullState]",1,"""OFF""",[],[0],80,"[avg_ctrl_freq, avg_est_latency]","[inf, 0.0]"
1543504678144369489,,36,,1543504678,144020513,'',[FastCircle],['OFF'],,"""FastCircle""","[AltHold, FullState]",1,"""OFF""",[],[0],80,"[avg_ctrl_freq, avg_est_latency]","[inf, 0.0]"
1543504678244786100,,37,,1543504678,244527397,'',[FastCircle],['OFF'],,"""FastCircle""","[AltHold, FullState]",1,"""OFF""",[],[0],80,"[avg_ctrl_freq, avg_est_latency]","[inf, 0.0]"
1543504678345204640,,38,,1543504678,344891960,'',[FastCircle],['OFF'],,"""FastCircle""","[AltHold, FullState]",1,"""OFF""",[],[0],80,"[avg_ctrl_freq, avg_est_latency]","[inf, 0.0]"
1543504678444548750,,39,,1543504678,444285640,'',[FastCircle],['OFF'],,"""FastCircle""","[AltHold, FullState]",1,"""OFF""",[],[0],80,"[avg_ctrl_freq, avg_est_latency]","[inf, 0.0]"
1543504678545011065,,40,,1543504678,544683735,'',[FastCircle],['OFF'],,"""FastCircle""","[AltHold, FullState]",1,"""OFF""",[],[0],80,"[avg_ctrl_freq, avg_est_latency]","[inf, 0.0]"
1543504678644476661,,41,,1543504678,644163284,'',[FastCircle],['OFF'],,"""FastCircle""","[AltHold, FullState]",1,"""OFF""",[],[0],80,"[avg_ctrl_freq, avg_est_latency]","[inf, 0.0]"
1543504678744921645,,42,,1543504678,744584925,'',[FastCircle],['OFF'],,"""FastCircle""","[AltHold, FullState]",1,"""OFF""",[],[0],80,"[avg_ctrl_freq, avg_est_latency]","[inf, 0.0]"
1543504678844189903,,43,,1543504678,843884104,'',[FastCircle],['OFF'],,"""FastCircle""","[AltHold, FullState]",1,"""OFF""",[],[0],80,"[avg_ctrl_freq, avg_est_latency]","[inf, 0.0]"
1543504678944629315,,44,,1543504678,944298517,'',[FastCircle],['OFF'],,"""FastCircle""","[AltHold, FullState]",1,"""OFF""",[],[0],80,"[avg_ctrl_freq, avg_est_latency]","[inf, 0.0]"
1543504679044968340,,45,,1543504679,44697262,'',[FastCircle],['OFF'],,"""FastCircle""","[AltHold, FullState]",1,"""OFF""",[],[0],80,"[avg_ctrl_freq, avg_est_latency]","[inf, 0.0]"
1543504679144492547,,46,,1543504679,144157555,'',[FastCircle],['OFF'],,"""FastCircle""","[AltHold, FullState]",1,"""OFF""",[],[0],80,"[avg_ctrl_freq, avg_est_latency]","[inf, 0.0]"
1543504679244752016,,47,,1543504679,244528556,'',[FastCircle],['OFF'],,"""FastCircle""","[AltHold, FullState]",1,"""OFF""",[],[0],80,"[avg_ctrl_freq, avg_est_latency]","[inf, 0.0]"
1543504679345136722,,48,,1543504679,344878289,'',[FastCircle],['OFF'],,"""FastCircle""","[AltHold, FullState]",1,"""OFF""",[],[0],80,"[avg_ctrl_freq, avg_est_latency]","[inf, 0.0]"
1543504679444457566,,49,,1543504679,444214536,'',[FastCircle],['OFF'],,"""FastCircle""","[AltHold, FullState]",1,"""OFF""",[],[0],80,"[avg_ctrl_freq, avg_est_latency]","[inf, 0.0]"
1543504679544926608,,50,,1543504679,544628396,'',[FastCircle],['OFF'],,"""FastCircle""","[AltHold, FullState]",1,"""OFF""",[],[0],80,"[avg_ctrl_freq, avg_est_latency]","[inf, 0.0]"
1543504679644591344,,51,,1543504679,644140980,'',[FastCircle],['OFF'],,"""FastCircle""","[AltHold, FullState]",1,"""OFF""",[],[0],80,"[avg_ctrl_freq, avg_est_latency]","[inf, 0.0]"
1543504679744950617,,52,,1543504679,744675645,'',[FastCircle],['OFF'],,"""FastCircle""","[AltHold, FullState]",1,"""OFF""",[],[0],80,"[avg_ctrl_freq, avg_est_latency]","[inf, 0.0]"
1543504679844592125,,53,,1543504679,844094272,'',[FastCircle],['OFF'],,"""FastCircle""","[AltHold, FullState]",1,"""OFF""",[],[0],80,"[avg_ctrl_freq, avg_est_latency]","[inf, 0.0]"
1543504679944773373,,54,,1543504679,944536310,'',[FastCircle],['OFF'],,"""FastCircle""","[AltHold, FullState]",1,"""OFF""",[],[0],80,"[avg_ctrl_freq, avg_est_latency]","[inf, 0.0]"
1543504680044147443,,55,,1543504680,43883575,'',[FastCircle],['OFF'],,"""FastCircle""","[AltHold, FullState]",1,"""OFF""",[],[0],80,"[avg_ctrl_freq, avg_est_latency]","[inf, 0.0]"
1543504680144661467,,56,,1543504680,144423933,'',[FastCircle],['OFF'],,"""FastCircle""","[AltHold, FullState]",1,"""OFF""",[],[0],80,"[avg_ctrl_freq, avg_est_latency]","[inf, 0.0]"
1543504680244989233,,57,,1543504680,244752141,'',[FastCircle],['OFF'],,"""FastCircle""","[AltHold, FullState]",1,"""OFF""",[],[0],80,"[avg_ctrl_freq, avg_est_latency]","[inf, 0.0]"
1543504680344428937,,58,,1543504680,344170872,'',[FastCircle],['OFF'],,"""FastCircle""","[AltHold, FullState]",1,"""OFF""",[],[0],80,"[avg_ctrl_freq, avg_est_latency]","[inf, 0.0]"
1543504680444858784,,59,,1543504680,444569482,'',[FastCircle],['OFF'],,"""FastCircle""","[AltHold, FullState]",1,"""OFF""",[],[0],80,"[avg_ctrl_freq, avg_est_latency]","[inf, 0.0]"
1543504680544293816,,60,,1543504680,543948688,'',[FastCircle],['OFF'],,"""FastCircle""","[AltHold, FullState]",1,"""OFF""",[],[0],80,"[avg_ctrl_freq, avg_est_latency]","[inf, 0.0]"
1543504680644599003,,61,,1543504680,644351236,'',[FastCircle],['OFF'],,"""FastCircle""","[AltHold, FullState]",1,"""OFF""",[],[0],80,"[avg_ctrl_freq, avg_est_latency]","[inf, 0.0]"
1543504680745123885,,62,,1543504680,744857019,'',[FastCircle],['OFF'],,"""FastCircle""","[AltHold, FullState]",1,"""OFF""",[],[0],80,"[avg_ctrl_freq, avg_est_latency]","[inf, 0.0]"
1543504680844617381,,63,,1543504680,844352692,'',[FastCircle],['OFF'],,"""FastCircle""","[AltHold, FullState]",1,"""OFF""",[],[0],80,"[avg_ctrl_freq, avg_est_latency]","[inf, 0.0]"
1543504680945097190,,64,,1543504680,944849433,'',[FastCircle],['OFF'],,"""FastCircle""","[AltHold, FullState]",1,"""OFF""",[],[0],80,"[avg_ctrl_freq, avg_est_latency]","[inf, 0.0]"
1543504681044602979,,65,,1543504681,44279589,'',[FastCircle],['OFF'],,"""FastCircle""","[AltHold, FullState]",1,"""OFF""",[],[0],80,"[avg_ctrl_freq, avg_est_latency]","[inf, 0.0]"
1543504681145019418,,66,,1543504681,144775737,'',[FastCircle],['OFF'],,"""FastCircle""","[AltHold, FullState]",1,"""OFF""",[],[0],80,"[avg_ctrl_freq, avg_est_latency]","[inf, 0.0]"
1543504681244351630,,67,,1543504681,244113675,'',[FastCircle],['OFF'],,"""FastCircle""","[AltHold, FullState]",1,"""OFF""",[],[0],80,"[avg_ctrl_freq, avg_est_latency]","[inf, 0.0]"
1543504681344787374,,68,,1543504681,344518547,'',[FastCircle],['OFF'],,"""FastCircle""","[AltHold, FullState]",1,"""OFF""",[],[0],80,"[avg_ctrl_freq, avg_est_latency]","[inf, 0.0]"
1543504681444125780,,69,,1543504681,443860910,'',[FastCircle],['OFF'],,"""FastCircle""","[AltHold, FullState]",1,"""OFF""",[],[0],80,"[avg_ctrl_freq, avg_est_latency]","[inf, 0.0]"
1543504681544386811,,70,,1543504681,544178400,'',[FastCircle],['OFF'],,"""FastCircle""","[AltHold, FullState]",1,"""OFF""",[],[0],80,"[avg_ctrl_freq, avg_est_latency]","[inf, 0.0]"
1543504681644757665,,71,,1543504681,644511666,'',[FastCircle],['OFF'],,"""FastCircle""","[AltHold, FullState]",1,"""OFF""",[],[0],80,"[avg_ctrl_freq, avg_est_latency]","[inf, 0.0]"
1543504681744078618,,72,,1543504681,743830390,'',[FastCircle],['OFF'],,"""FastCircle""","[AltHold, FullState]",1,"""OFF""",[],[0],80,"[avg_ctrl_freq, avg_est_latency]","[inf, 0.0]"
1543504681844429958,,73,,1543504681,844201497,'',[FastCircle],['OFF'],,"""FastCircle""","[AltHold, FullState]",1,"""OFF""",[],[0],80,"[avg_ctrl_freq, avg_est_latency]","[inf, 0.0]"
1543504681944820358,,74,,1543504681,944565393,'',[FastCircle],['OFF'],,"""FastCircle""","[AltHold, FullState]",1,"""OFF""",[],[0],80,"[avg_ctrl_freq, avg_est_latency]","[inf, 0.0]"
1543504682044453346,,75,,1543504682,43969900,'',[FastCircle],['OFF'],,"""FastCircle""","[AltHold, FullState]",1,"""OFF""",[],[0],80,"[avg_ctrl_freq, avg_est_latency]","[inf, 0.0]"
1543504682144717521,,76,,1543504682,144368815,'',[FastCircle],['OFF'],,"""FastCircle""","[AltHold, FullState]",1,"""OFF""",[],[0],80,"[avg_ctrl_freq, avg_est_latency]","[inf, 0.0]"
1543504682245154094,,77,,1543504682,244870339,'',[FastCircle],['OFF'],,"""FastCircle""","[AltHold, FullState]",1,"""OFF""",[],[0],80,"[avg_ctrl_freq, avg_est_latency]","[inf, 0.0]"
1543504682344824478,,78,,1543504682,344288754,'',[FastCircle],['OFF'],,"""FastCircle""","[AltHold, FullState]",1,"""OFF""",[],[0],80,"[avg_ctrl_freq, avg_est_latency]","[inf, 0.0]"
1543504682445210515,,79,,1543504682,444768103,'',[FastCircle],['OFF'],,"""FastCircle""","[AltHold, FullState]",1,"""OFF""",[],[0],80,"[avg_ctrl_freq, avg_est_latency]","[inf, 0.0]"
1543504682544446547,,80,,1543504682,544213053,'',[FastCircle],['OFF'],,"""FastCircle""","[AltHold, FullState]",1,"""OFF""",[],[0],80,"[avg_ctrl_freq, avg_est_latency]","[inf, 0.0]"
1543504682644928604,,81,,1543504682,644611479,'',[FastCircle],['OFF'],,"""FastCircle""","[AltHold, FullState]",1,"""OFF""",[],[0],80,"[avg_ctrl_freq, avg_est_latency]","[inf, 0.0]"
1543504682744580153,,82,,1543504682,744270026,'',[FastCircle],['OFF'],,"""FastCircle""","[AltHold, FullState]",1,"""OFF""",[],[0],80,"[avg_ctrl_freq, avg_est_latency]","[inf, 0.0]"
1543504682844903501,,83,,1543504682,844642385,'',[FastCircle],['OFF'],,"""FastCircle""","[AltHold, FullState]",1,"""OFF""",[],[0],80,"[avg_ctrl_freq, avg_est_latency]","[inf, 0.0]"
1543504682944377152,,84,,1543504682,944026308,'',[FastCircle],['OFF'],,"""FastCircle""","[AltHold, FullState]",1,"""OFF""",[],[0],80,"[avg_ctrl_freq, avg_est_latency]","[inf, 0.0]"
1543504683044737447,,85,,1543504683,44515127,'',[FastCircle],['OFF'],,"""FastCircle""","[AltHold, FullState]",1,"""OFF""",[],[0],80,"[avg_ctrl_freq, avg_est_latency]","[inf, 0.0]"
1543504683144241325,,86,,1543504683,143883218,'',[FastCircle],['OFF'],,"""FastCircle""","[AltHold, FullState]",1,"""OFF""",[],[0],80,"[avg_ctrl_freq, avg_est_latency]","[inf, 0.0]"
1543504683244981768,,87,,1543504683,244296976,'',[FastCircle],['OFF'],,"""FastCircle""","[AltHold, FullState]",1,"""OFF""",[],[0],80,"[avg_ctrl_freq, avg_est_latency]","[inf, 0.0]"
1543504683345038565,,88,,1543504683,344786657,'',[FastCircle],['OFF'],,"""FastCircle""","[AltHold, FullState]",1,"""OFF""",[],[0],80,"[avg_ctrl_freq, avg_est_latency]","[inf, 0.0]"
1543504683444426336,,89,,1543504683,444185745,'',[FastCircle],['OFF'],,"""FastCircle""","[AltHold, FullState]",1,"""OFF""",[],[0],80,"[avg_ctrl_freq, avg_est_latency]","[inf, 0.0]"
1543504683544872517,,90,,1543504683,544604660,'',[FastCircle],['OFF'],,"""FastCircle""","[AltHold, FullState]",1,"""OFF""",[],[0],80,"[avg_ctrl_freq, avg_est_latency]","[inf, 0.0]"
1543504683644184166,,91,,1543504683,643899583,'',[FastCircle],['OFF'],,"""FastCircle""","[AltHold, FullState]",1,"""OFF""",[],[0],80,"[avg_ctrl_freq, avg_est_latency]","[inf, 0.0]"
1543504683744662441,,92,,1543504683,744363180,'',[FastCircle],['OFF'],,"""FastCircle""","[AltHold, FullState]",1,"""OFF""",[],[0],80,"[avg_ctrl_freq, avg_est_latency]","[inf, 0.0]"
1543504683845099495,,93,,1543504683,844830571,'',[FastCircle],['OFF'],,"""FastCircle""","[AltHold, FullState]",1,"""OFF""",[],[0],80,"[avg_ctrl_freq, avg_est_latency]","[inf, 0.0]"
1543504683944560310,,94,,1543504683,944228049,'',[FastCircle],['OFF'],,"""FastCircle""","[AltHold, FullState]",1,"""OFF""",[],[0],80,"[avg_ctrl_freq, avg_est_latency]","[inf, 0.0]"
1543504684045018215,,95,,1543504684,44741730,'',[FastCircle],['OFF'],,"""FastCircle""","[AltHold, FullState]",1,"""OFF""",[],[0],80,"[avg_ctrl_freq, avg_est_latency]","[inf, 0.0]"
1543504684144490598,,96,,1543504684,144171356,'',[FastCircle],['OFF'],,"""FastCircle""","[AltHold, FullState]",1,"""OFF""",[],[0],80,"[avg_ctrl_freq, avg_est_latency]","[inf, 0.0]"
1543504684244856515,,97,,1543504684,244584788,'',[FastCircle],['OFF'],,"""FastCircle""","[AltHold, FullState]",1,"""OFF""",[],[0],80,"[avg_ctrl_freq, avg_est_latency]","[inf, 0.0]"
1543504684344791302,,98,,1543504684,344467771,'',[FastCircle],['OFF'],,"""FastCircle""","[AltHold, FullState]",1,"""OFF""",[],[0],80,"[avg_ctrl_freq, avg_est_latency]","[inf, 0.0]"
1543504684445167913,,99,,1543504684,444876012,'',[FastCircle],['OFF'],,"""FastCircle""","[AltHold, FullState]",1,"""OFF""",[],[0],80,"[avg_ctrl_freq, avg_est_latency]","[inf, 0.0]"
1543504684544555850,,100,,1543504684,544282217,'',[FastCircle],['OFF'],,"""FastCircle""","[AltHold, FullState]",1,"""OFF""",[],[0],80,"[avg_ctrl_freq, avg_est_latency]","[inf, 0.0]"
1543504684644959685,,101,,1543504684,644715890,'',[FastCircle],['OFF'],,"""FastCircle""","[AltHold, FullState]",1,"""OFF""",[],[0],80,"[avg_ctrl_freq, avg_est_latency]","[inf, 0.0]"
1543504684744778789,,102,,1543504684,744367206,'',[FastCircle],['OFF'],,"""FastCircle""","[AltHold, FullState]",1,"""OFF""",[],[0],80,"[avg_ctrl_freq, avg_est_latency]","[inf, 0.0]"
1543504684845218451,,103,,1543504684,844980541,'',[FastCircle],['OFF'],,"""FastCircle""","[AltHold, FullState]",1,"""OFF""",[],[0],80,"[avg_ctrl_freq, avg_est_latency]","[inf, 0.0]"
1543504684944676927,,104,,1543504684,944355343,'',[FastCircle],['OFF'],,"""FastCircle""","[AltHold, FullState]",1,"""OFF""",[],[0],80,"[avg_ctrl_freq, avg_est_latency]","[inf, 0.0]"
1543504685045173508,,105,,1543504685,44730511,'',[FastCircle],['OFF'],,"""FastCircle""","[AltHold, FullState]",1,"""OFF""",[],[0],80,"[avg_ctrl_freq, avg_est_latency]","[inf, 0.0]"
1543504685145136067,,106,,1543504685,144082985,'',[FastCircle],['OFF'],,"""FastCircle""","[AltHold, FullState]",1,"""OFF""",[],[0],80,"[avg_ctrl_freq, avg_est_latency]","[inf, 0.0]"
1543504685244934535,,107,,1543504685,244522932,'',[FastCircle],['OFF'],,"""FastCircle""","[AltHold, FullState]",1,"""OFF""",[],[0],80,"[avg_ctrl_freq, avg_est_latency]","[inf, 0.0]"
1543504685344196070,,108,,1543504685,343924318,'',[FastCircle],['OFF'],,"""FastCircle""","[AltHold, FullState]",1,"""OFF""",[],[0],80,"[avg_ctrl_freq, avg_est_latency]","[inf, 0.0]"
1543504685444620505,,109,,1543504685,444323167,'',[FastCircle],['OFF'],,"""FastCircle""","[AltHold, FullState]",1,"""OFF""",[],[0],80,"[avg_ctrl_freq, avg_est_latency]","[inf, 0.0]"
1543504685545065021,,110,,1543504685,544835415,'',[FastCircle],['OFF'],,"""FastCircle""","[AltHold, FullState]",1,"""OFF""",[],[0],80,"[avg_ctrl_freq, avg_est_latency]","[inf, 0.0]"
1543504685644801593,,111,,1543504685,644265891,'',[FastCircle],['OFF'],,"""FastCircle""","[AltHold, FullState]",1,"""OFF""",[],[0],80,"[avg_ctrl_freq, avg_est_latency]","[inf, 0.0]"
1543504685744969457,,112,,1543504685,744724218,'',[FastCircle],['OFF'],,"""FastCircle""","[AltHold, FullState]",1,"""OFF""",[],[0],80,"[avg_ctrl_freq, avg_est_latency]","[inf, 0.0]"
1543504685844421154,,113,,1543504685,844133327,'',[FastCircle],['OFF'],,"""FastCircle""","[AltHold, FullState]",1,"""OFF""",[],[0],80,"[avg_ctrl_freq, avg_est_latency]","[inf, 0.0]"
1543504685944771760,,114,,1543504685,944500015,'',[FastCircle],['OFF'],,"""FastCircle""","[AltHold, FullState]",1,"""OFF""",[],[0],80,"[avg_ctrl_freq, avg_est_latency]","[inf, 0.0]"
1543504686044214304,,115,,1543504686,43908787,'',[FastCircle],['OFF'],,"""FastCircle""","[AltHold, FullState]",1,"""OFF""",[],[0],80,"[avg_ctrl_freq, avg_est_latency]","[inf, 0.0]"
1543504686144543277,,116,,1543504686,144262883,'',[FastCircle],['OFF'],,"""FastCircle""","[AltHold, FullState]",1,"""OFF""",[],[0],80,"[avg_ctrl_freq, avg_est_latency]","[inf, 0.0]"
1543504686245147549,,117,,1543504686,244798218,'',[FastCircle],['OFF'],,"""FastCircle""","[AltHold, FullState]",1,"""OFF""",[],[0],80,"[avg_ctrl_freq, avg_est_latency]","[inf, 0.0]"
1543504686344532186,,118,,1543504686,344181094,'',[FastCircle],['OFF'],,"""FastCircle""","[AltHold, FullState]",1,"""OFF""",[],[0],80,"[avg_ctrl_freq, avg_est_latency]","[inf, 0.0]"
1543504686444874071,,119,,1543504686,444583477,'',[FastCircle],['OFF'],,"""FastCircle""","[AltHold, FullState]",1,"""OFF""",[],[0],80,"[avg_ctrl_freq, avg_est_latency]","[inf, 0.0]"
1543504686544267324,,120,,1543504686,544001436,'',[FastCircle],['OFF'],,"""FastCircle""","[AltHold, FullState]",1,"""OFF""",[],[0],80,"[avg_ctrl_freq, avg_est_latency]","[inf, 0.0]"
1543504686644652750,,121,,1543504686,644411408,'',[FastCircle],['OFF'],,"""FastCircle""","[AltHold, FullState]",1,"""OFF""",[],[0],80,"[avg_ctrl_freq, avg_est_latency]","[inf, 0.0]"
1543504686745199268,,122,,1543504686,744921465,'',[FastCircle],['OFF'],,"""FastCircle""","[AltHold, FullState]",1,"""OFF""",[],[0],80,"[avg_ctrl_freq, avg_est_latency]","[inf, 0.0]"
1543504686844607780,,123,,1543504686,844323287,'',[FastCircle],['OFF'],,"""FastCircle""","[AltHold, FullState]",1,"""OFF""",[],[0],80,"[avg_ctrl_freq, avg_est_latency]","[inf, 0.0]"
1543504686945047106,,124,,1543504686,944770653,'',[FastCircle],['OFF'],,"""FastCircle""","[AltHold, FullState]",1,"""OFF""",[],[0],80,"[avg_ctrl_freq, avg_est_latency]","[inf, 0.0]"
1543504687044512048,,125,,1543504687,44263853,'',[FastCircle],['OFF'],,"""FastCircle""","[AltHold, FullState]",1,"""OFF""",[],[0],80,"[avg_ctrl_freq, avg_est_latency]","[inf, 0.0]"
1543504687145038958,,126,,1543504687,144770216,'',[FastCircle],['OFF'],,"""FastCircle""","[AltHold, FullState]",1,"""OFF""",[],[0],80,"[avg_ctrl_freq, avg_est_latency]","[inf, 0.0]"
1543504687244430497,,127,,1543504687,244159615,'',[FastCircle],['OFF'],,"""FastCircle""","[AltHold, FullState]",1,"""OFF""",[],[0],80,"[avg_ctrl_freq, avg_est_latency]","[inf, 0.0]"
1543504687344889158,,128,,1543504687,344593788,'',[FastCircle],['OFF'],,"""FastCircle""","[AltHold, FullState]",1,"""OFF""",[],[0],80,"[avg_ctrl_freq, avg_est_latency]","[inf, 0.0]"
1543504687444156815,,129,,1543504687,443904637,'',[FastCircle],['OFF'],,"""FastCircle""","[AltHold, FullState]",1,"""OFF""",[],[0],80,"[avg_ctrl_freq, avg_est_latency]","[inf, 0.0]"
1543504687544585815,,130,,1543504687,544316850,'',[FastCircle],['OFF'],,"""FastCircle""","[AltHold, FullState]",1,"""OFF""",[],[0],80,"[avg_ctrl_freq, avg_est_latency]","[inf, 0.0]"
1543504687651418647,,131,,1543504687,649556888,'',[FastCircle],['OFF'],,"""FastCircle""","[AltHold, FullState]",1,"""OFF""",[],[0],80,"[avg_ctrl_freq, avg_est_latency]","[inf, 0.0]"
1543504687744216494,,132,,1543504687,743885246,'',[FastCircle],['OFF'],,"""FastCircle""","[AltHold, FullState]",1,"""OFF""",[],[0],80,"[avg_ctrl_freq, avg_est_latency]","[inf, 0.0]"
1543504687840479711,,133,,1543504687,839596233,'',[FastCircle],['OFF'],,"""FastCircle""","[AltHold, FullState]",1,"""OFF""",[],[0],80,"[avg_ctrl_freq, avg_est_latency]","[inf, 0.0]"
1543504687944536099,,134,,1543504687,944064420,'',[FastCircle],['OFF'],,"""FastCircle""","[AltHold, FullState]",1,"""OFF""",[],[0],80,"[avg_ctrl_freq, avg_est_latency]","[inf, 0.0]"
1543504688044830231,,135,,1543504688,44571278,'',[FastCircle],['OFF'],,"""FastCircle""","[AltHold, FullState]",1,"""OFF""",[],[0],80,"[avg_ctrl_freq, avg_est_latency]","[inf, 0.0]"
1543504688144328169,,136,,1543504688,144016671,'',[FastCircle],['OFF'],,"""FastCircle""","[AltHold, FullState]",1,"""OFF""",[],[0],80,"[avg_ctrl_freq, avg_est_latency]","[inf, 0.0]"
1543504688244780682,,137,,1543504688,244486797,'',[FastCircle],['OFF'],,"""FastCircle""","[AltHold, FullState]",1,"""OFF""",[],[0],80,"[avg_ctrl_freq, avg_est_latency]","[inf, 0.0]"
1543504688345300271,,138,,1543504688,344804314,'',[FastCircle],['OFF'],,"""FastCircle""","[AltHold, FullState]",1,"""OFF""",[],[0],80,"[avg_ctrl_freq, avg_est_latency]","[inf, 0.0]"
1543504688444437545,,139,,1543504688,444179994,'',[FastCircle],['OFF'],,"""FastCircle""","[AltHold, FullState]",1,"""OFF""",[],[0],80,"[avg_ctrl_freq, avg_est_latency]","[inf, 0.0]"
1543504688544904898,,140,,1543504688,544656756,'',[FastCircle],['OFF'],,"""FastCircle""","[AltHold, FullState]",1,"""OFF""",[],[0],80,"[avg_ctrl_freq, avg_est_latency]","[inf, 0.0]"
1543504688644424911,,141,,1543504688,644053190,'',[FastCircle],['OFF'],,"""FastCircle""","[AltHold, FullState]",1,"""OFF""",[],[0],80,"[avg_ctrl_freq, avg_est_latency]","[inf, 0.0]"
1543504688744759813,,142,,1543504688,744495205,'',[FastCircle],['OFF'],,"""FastCircle""","[AltHold, FullState]",1,"""OFF""",[],[0],80,"[avg_ctrl_freq, avg_est_latency]","[inf, 0.0]"
1543504688844256681,,143,,1543504688,843844701,'',[FastCircle],['OFF'],,"""FastCircle""","[AltHold, FullState]",1,"""OFF""",[],[0],80,"[avg_ctrl_freq, avg_est_latency]","[inf, 0.0]"
1543504688944597646,,144,,1543504688,944314842,'',[FastCircle],['OFF'],,"""FastCircle""","[AltHold, FullState]",1,"""OFF""",[],[0],80,"[avg_ctrl_freq, avg_est_latency]","[inf, 0.0]"
1543504689045082265,,145,,1543504689,44829477,'',[FastCircle],['OFF'],,"""FastCircle""","[AltHold, FullState]",1,"""OFF""",[],[0],80,"[avg_ctrl_freq, avg_est_latency]","[inf, 0.0]"
1543504689144800633,,146,,1543504689,144303501,'',[FastCircle],['OFF'],,"""FastCircle""","[AltHold, FullState]",1,"""OFF""",[],[0],80,"[avg_ctrl_freq, avg_est_latency]","[inf, 0.0]"
1543504689245091330,,147,,1543504689,244784496,'',[FastCircle],['OFF'],,"""FastCircle""","[AltHold, FullState]",1,"""OFF""",[],[0],80,"[avg_ctrl_freq, avg_est_latency]","[inf, 0.0]"
1543504689344562218,,148,,1543504689,344273072,'',[FastCircle],['OFF'],,"""FastCircle""","[AltHold, FullState]",1,"""OFF""",[],[0],80,"[avg_ctrl_freq, avg_est_latency]","[inf, 0.0]"
1543504689445001744,,149,,1543504689,444711539,'',[FastCircle],['OFF'],,"""FastCircle""","[AltHold, FullState]",1,"""OFF""",[],[0],80,"[avg_ctrl_freq, avg_est_latency]","[inf, 0.0]"
1543504689544568593,,150,,1543504689,544152039,'',[FastCircle],['OFF'],,"""FastCircle""","[AltHold, FullState]",1,"""OFF""",[],[0],80,"[avg_ctrl_freq, avg_est_latency]","[inf, 0.0]"
1543504689644889147,,151,,1543504689,644568953,'',[FastCircle],['OFF'],,"""FastCircle""","[AltHold, FullState]",1,"""OFF""",[],[0],80,"[avg_ctrl_freq, avg_est_latency]","[inf, 0.0]"
1543504689744252849,,152,,1543504689,743897919,'',[FastCircle],['OFF'],,"""FastCircle""","[AltHold, FullState]",1,"""OFF""",[],[0],80,"[avg_ctrl_freq, avg_est_latency]","[inf, 0.0]"
1543504689844612746,,153,,1543504689,844297688,'',[FastCircle],['OFF'],,"""FastCircle""","[AltHold, FullState]",1,"""OFF""",[],[0],80,"[avg_ctrl_freq, avg_est_latency]","[inf, 0.0]"
1543504689945024658,,154,,1543504689,944748076,'',[FastCircle],['OFF'],,"""FastCircle""","[AltHold, FullState]",1,"""OFF""",[],[0],80,"[avg_ctrl_freq, avg_est_latency]","[inf, 0.0]"
1543504690044360666,,155,,1543504690,44118551,'',[FastCircle],['OFF'],,"""FastCircle""","[AltHold, FullState]",1,"""OFF""",[],[0],80,"[avg_ctrl_freq, avg_est_latency]","[inf, 0.0]"
1543504690144960587,,156,,1543504690,144531895,'',[FastCircle],['OFF'],,"""FastCircle""","[AltHold, FullState]",1,"""OFF""",[],[0],80,"[avg_ctrl_freq, avg_est_latency]","[inf, 0.0]"
1543504690244082694,,157,,1543504690,243869035,'',[FastCircle],['OFF'],,"""FastCircle""","[AltHold, FullState]",1,"""OFF""",[],[0],80,"[avg_ctrl_freq, avg_est_latency]","[inf, 0.0]"
1543504690344748921,,158,,1543504690,344251189,'',[FastCircle],['OFF'],,"""FastCircle""","[AltHold, FullState]",1,"""OFF""",[],[0],80,"[avg_ctrl_freq, avg_est_latency]","[inf, 0.0]"
1543504690444313642,,159,,1543504690,444025462,'',[FastCircle],['OFF'],,"""FastCircle""","[AltHold, FullState]",1,"""OFF""",[],[0],80,"[avg_ctrl_freq, avg_est_latency]","[inf, 0.0]"
1543504690544855302,,160,,1543504690,544539288,'',[FastCircle],['OFF'],,"""FastCircle""","[AltHold, FullState]",1,"""OFF""",[],[0],80,"[avg_ctrl_freq, avg_est_latency]","[inf, 0.0]"
1543504690644324235,,161,,1543504690,644050877,'',[FastCircle],['OFF'],,"""FastCircle""","[AltHold, FullState]",1,"""OFF""",[],[0],80,"[avg_ctrl_freq, avg_est_latency]","[inf, 0.0]"
1543504690744675647,,162,,1543504690,744451793,'',[FastCircle],['OFF'],,"""FastCircle""","[AltHold, FullState]",1,"""OFF""",[],[0],80,"[avg_ctrl_freq, avg_est_latency]","[inf, 0.0]"
1543504690844215486,,163,,1543504690,843863003,'',[FastCircle],['OFF'],,"""FastCircle""","[AltHold, FullState]",1,"""OFF""",[],[0],80,"[avg_ctrl_freq, avg_est_latency]","[inf, 0.0]"
1543504690944665930,,164,,1543504690,944396293,'',[FastCircle],['OFF'],,"""FastCircle""","[AltHold, FullState]",1,"""OFF""",[],[0],80,"[avg_ctrl_freq, avg_est_latency]","[inf, 0.0]"
1543504691045230966,,165,,1543504691,44866311,'',[FastCircle],['OFF'],,"""FastCircle""","[AltHold, FullState]",1,"""OFF""",[],[0],80,"[avg_ctrl_freq, avg_est_latency]","[inf, 0.0]"
1543504691144488437,,166,,1543504691,144266747,'',[FastCircle],['OFF'],,"""FastCircle""","[AltHold, FullState]",1,"""OFF""",[],[0],80,"[avg_ctrl_freq, avg_est_latency]","[inf, 0.0]"
1543504691245158909,,167,,1543504691,244809188,'',[FastCircle],['OFF'],,"""FastCircle""","[AltHold, FullState]",1,"""OFF""",[],[0],80,"[avg_ctrl_freq, avg_est_latency]","[inf, 0.0]"
1543504691344516635,,168,,1543504691,344267313,'',[FastCircle],['OFF'],,"""FastCircle""","[AltHold, FullState]",1,"""OFF""",[],[0],80,"[avg_ctrl_freq, avg_est_latency]","[inf, 0.0]"
1543504691444929963,,169,,1543504691,444672058,'',[FastCircle],['OFF'],,"""FastCircle""","[AltHold, FullState]",1,"""OFF""",[],[0],80,"[avg_ctrl_freq, avg_est_latency]","[inf, 0.0]"
1543504691544295678,,170,,1543504691,544057776,'',[FastCircle],['OFF'],,"""FastCircle""","[AltHold, FullState]",1,"""OFF""",[],[0],80,"[avg_ctrl_freq, avg_est_latency]","[inf, 0.0]"
1543504691644855380,,171,,1543504691,644509009,'',[FastCircle],['OFF'],,"""FastCircle""","[AltHold, FullState]",1,"""OFF""",[],[0],80,"[avg_ctrl_freq, avg_est_latency]","[inf, 0.0]"
1543504691745247689,,172,,1543504691,744994613,'',[FastCircle],['OFF'],,"""FastCircle""","[AltHold, FullState]",1,"""OFF""",[],[0],80,"[avg_ctrl_freq, avg_est_latency]","[inf, 0.0]"
1543504691844702017,,173,,1543504691,844423379,'',[FastCircle],['OFF'],,"""FastCircle""","[AltHold, FullState]",1,"""OFF""",[],[0],80,"[avg_ctrl_freq, avg_est_latency]","[inf, 0.0]"
1543504691944107384,,174,,1543504691,943841747,'',[FastCircle],['OFF'],,"""FastCircle""","[AltHold, FullState]",1,"""OFF""",[],[0],80,"[avg_ctrl_freq, avg_est_latency]","[inf, 0.0]"
1543504692044781995,,175,,1543504692,44195883,'',[FastCircle],['OFF'],,"""FastCircle""","[AltHold, FullState]",1,"""OFF""",[],[0],80,"[avg_ctrl_freq, avg_est_latency]","[inf, 0.0]"
1543504692144970390,,176,,1543504692,144618201,'',[FastCircle],['OFF'],,"""FastCircle""","[AltHold, FullState]",1,"""OFF""",[],[0],80,"[avg_ctrl_freq, avg_est_latency]","[inf, 0.0]"
1543504692244352056,,177,,1543504692,244100855,'',[FastCircle],['OFF'],,"""FastCircle""","[AltHold, FullState]",1,"""OFF""",[],[0],80,"[avg_ctrl_freq, avg_est_latency]","[inf, 0.0]"
1543504692344845828,,178,,1543504692,344584682,'',[FastCircle],['OFF'],,"""FastCircle""","[AltHold, FullState]",1,"""OFF""",[],[0],80,"[avg_ctrl_freq, avg_est_latency]","[inf, 0.0]"
1543504692444204828,,179,,1543504692,443916579,'',[FastCircle],['OFF'],,"""FastCircle""","[AltHold, FullState]",1,"""OFF""",[],[0],80,"[avg_ctrl_freq, avg_est_latency]","[inf, 0.0]"
1543504692544625496,,180,,1543504692,544390149,'',[FastCircle],['OFF'],,"""FastCircle""","[AltHold, FullState]",1,"""OFF""",[],[0],80,"[avg_ctrl_freq, avg_est_latency]","[inf, 0.0]"
1543504692645167341,,181,,1543504692,644882179,'',[FastCircle],['OFF'],,"""FastCircle""","[AltHold, FullState]",1,"""OFF""",[],[0],80,"[avg_ctrl_freq, avg_est_latency]","[inf, 0.0]"
1543504692744678091,,182,,1543504692,744340032,'',[FastCircle],['OFF'],,"""FastCircle""","[AltHold, FullState]",1,"""OFF""",[],[0],80,"[avg_ctrl_freq, avg_est_latency]","[inf, 0.0]"
1543504692845073900,,183,,1543504692,844733953,'',[FastCircle],['OFF'],,"""FastCircle""","[AltHold, FullState]",1,"""OFF""",[],[0],80,"[avg_ctrl_freq, avg_est_latency]","[inf, 0.0]"
1543504692944436090,,184,,1543504692,944183739,'',[FastCircle],['OFF'],,"""FastCircle""","[AltHold, FullState]",1,"""OFF""",[],[0],80,"[avg_ctrl_freq, avg_est_latency]","[inf, 0.0]"
1543504693045210998,,185,,1543504693,44747063,'',[FastCircle],['OFF'],,"""FastCircle""","[AltHold, FullState]",1,"""OFF""",[],[0],80,"[avg_ctrl_freq, avg_est_latency]","[inf, 0.0]"
1543504693144636057,,186,,1543504693,144245955,'',[FastCircle],['OFF'],,"""FastCircle""","[AltHold, FullState]",1,"""OFF""",[],[0],80,"[avg_ctrl_freq, avg_est_latency]","[inf, 0.0]"
1543504693244172490,,187,,1543504693,243883319,'',[FastCircle],['OFF'],,"""FastCircle""","[AltHold, FullState]",1,"""OFF""",[],[0],80,"[avg_ctrl_freq, avg_est_latency]","[inf, 0.0]"
1543504693344683371,,188,,1543504693,344354279,'',[FastCircle],['OFF'],,"""FastCircle""","[AltHold, FullState]",1,"""OFF""",[],[0],80,"[avg_ctrl_freq, avg_est_latency]","[inf, 0.0]"
1543504693445198294,,189,,1543504693,444857391,'',[FastCircle],['OFF'],,"""FastCircle""","[AltHold, FullState]",1,"""OFF""",[],[0],80,"[avg_ctrl_freq, avg_est_latency]","[inf, 0.0]"
1543504693544601443,,190,,1543504693,544312572,'',[FastCircle],['OFF'],,"""FastCircle""","[AltHold, FullState]",1,"""OFF""",[],[0],80,"[avg_ctrl_freq, avg_est_latency]","[inf, 0.0]"
1543504693645079521,,191,,1543504693,644772965,'',[FastCircle],['OFF'],,"""FastCircle""","[AltHold, FullState]",1,"""OFF""",[],[0],80,"[avg_ctrl_freq, avg_est_latency]","[inf, 0.0]"
1543504693744475056,,192,,1543504693,744237817,'',[FastCircle],['OFF'],,"""FastCircle""","[AltHold, FullState]",1,"""OFF""",[],[0],80,"[avg_ctrl_freq, avg_est_latency]","[inf, 0.0]"
1543504693845103774,,193,,1543504693,844728126,'',[FastCircle],['OFF'],,"""FastCircle""","[AltHold, FullState]",1,"""OFF""",[],[0],80,"[avg_ctrl_freq, avg_est_latency]","[inf, 0.0]"
1543504693944479331,,194,,1543504693,944163756,'',[FastCircle],['OFF'],,"""FastCircle""","[AltHold, FullState]",1,"""OFF""",[],[0],80,"[avg_ctrl_freq, avg_est_latency]","[inf, 0.0]"
1543504694044888453,,195,,1543504694,44637958,'',[FastCircle],['OFF'],,"""FastCircle""","[AltHold, FullState]",1,"""OFF""",[],[0],80,"[avg_ctrl_freq, avg_est_latency]","[inf, 0.0]"
1543504694144418459,,196,,1543504694,144062953,'',[FastCircle],['OFF'],,"""FastCircle""","[AltHold, FullState]",1,"""OFF""",[],[0],80,"[avg_ctrl_freq, avg_est_latency]","[inf, 0.0]"
1543504694244861725,,197,,1543504694,244513965,'',[FastCircle],['OFF'],,"""FastCircle""","[AltHold, FullState]",1,"""OFF""",[],[0],80,"[avg_ctrl_freq, avg_est_latency]","[inf, 0.0]"
1543504694344884990,,198,,1543504694,343930083,'',[FastCircle],['OFF'],,"""FastCircle""","[AltHold, FullState]",1,"""OFF""",[],[0],80,"[avg_ctrl_freq, avg_est_latency]","[inf, 0.0]"
1543504694444846118,,199,,1543504694,444486973,'',[FastCircle],['OFF'],,"""FastCircle""","[AltHold, FullState]",1,"""OFF""",[],[0],80,"[avg_ctrl_freq, avg_est_latency]","[inf, 0.0]"
1543504694544209049,,200,,1543504694,543838471,'',[FastCircle],['OFF'],,"""FastCircle""","[AltHold, FullState]",1,"""OFF""",[],[0],80,"[avg_ctrl_freq, avg_est_latency]","[inf, 0.0]"
1543504694644600899,,201,,1543504694,644335717,'',[FastCircle],['OFF'],,"""FastCircle""","[AltHold, FullState]",1,"""OFF""",[],[0],80,"[avg_ctrl_freq, avg_est_latency]","[inf, 0.0]"
1543504694741087186,,202,,1543504694,740800300,'',[FastCircle],['ON'],,"""FastCircle""","[AltHold, FullState]",1,"""ON""",,1543504694,739919022,[0],80,"[avg_ctrl_freq, avg_est_latency]","[inf, 5.5150987464003265e-05]"
1543504694844872369,,203,,1543504694,844619256,'',[FastCircle],['ON'],,"""FastCircle""","[AltHold, FullState]",1,"""ON""",,1543504694,739919022,[0],80,"[avg_ctrl_freq, avg_est_latency]","[5000.0498046875, 0.000604710599873215]"
1543504694944470617,,204,,1543504694,944124811,'',[FastCircle],['ON'],,"""FastCircle""","[AltHold, FullState]",1,"""ON""",,1543504694,739919022,[0],80,"[avg_ctrl_freq, avg_est_latency]","[2500.408203125, 0.0009542226907797158]"
1543504695044902712,,205,,1543504695,44609239,'',[FastCircle],['ON'],,"""FastCircle""","[AltHold, FullState]",1,"""ON""",,1543504694,739919022,[0],80,"[avg_ctrl_freq, avg_est_latency]","[1666.8564453125, 0.001315102563239634]"
1543504695144271915,,206,,1543504695,144008329,'',[FastCircle],['ON'],,"""FastCircle""","[AltHold, FullState]",1,"""ON""",,1543504694,739919022,[0],80,"[avg_ctrl_freq, avg_est_latency]","[1250.092041015625, 0.001666917814873159]"
1543504695244878869,,207,,1543504695,244452223,'',[FastCircle],['ON'],,"""FastCircle""","[AltHold, FullState]",1,"""ON""",,1543504694,739919022,[0],80,"[avg_ctrl_freq, avg_est_latency]","[999.9973754882812, 0.002118987962603569]"
1543504695344118185,,208,,1543504695,343829375,'',[FastCircle],['ON'],,"""FastCircle""","[AltHold, FullState]",1,"""ON""",,1543504694,739919022,[0],80,"[avg_ctrl_freq, avg_est_latency]","[833.3846435546875, 0.002472739201039076]"
1543504695444524064,,209,,1543504695,444247206,'',[FastCircle],['ON'],,"""FastCircle""","[AltHold, FullState]",1,"""ON""",,1543504694,739919022,[0],80,"[avg_ctrl_freq, avg_est_latency]","[714.3347778320312, 0.0026731204707175493]"
1543504695544994186,,210,,1543504695,544708537,'',[FastCircle],['ON'],,"""FastCircle""","[AltHold, FullState]",1,"""ON""",,1543504694,739919022,[0],80,"[avg_ctrl_freq, avg_est_latency]","[625.0164794921875, 0.002576203318312764]"
1543504695644517967,,211,,1543504695,644178063,'',[FastCircle],['ON'],,"""FastCircle""","[AltHold, FullState]",1,"""ON""",,1543504694,739919022,[0],80,"[avg_ctrl_freq, avg_est_latency]","[555.5823974609375, 0.002655629999935627]"
1543504695744866256,,212,,1543504695,744612173,'',[FastCircle],['ON'],,"""FastCircle""","[AltHold, FullState]",1,"""ON""",,1543504694,739919022,[0],80,"[avg_ctrl_freq, avg_est_latency]","[500.019775390625, 0.0027525329496711493]"
1543504695844405090,,213,,1543504695,844148767,'',[FastCircle],['ON'],,"""FastCircle""","[AltHold, FullState]",1,"""ON""",,1543504694,739919022,[0],80,"[avg_ctrl_freq, avg_est_latency]","[454.5664367675781, 0.0027483224403113127]"
1543504695944872202,,214,,1543504695,944613074,'',[FastCircle],['ON'],,"""FastCircle""","[AltHold, FullState]",1,"""ON""",,1543504694,739919022,[0],80,"[avg_ctrl_freq, avg_est_latency]","[416.67730712890625, 0.0028335428796708584]"
1543504696044470388,,215,,1543504696,44131795,'',[FastCircle],['ON'],,"""FastCircle""","[AltHold, FullState]",1,"""ON""",,1543504694,739919022,[0],80,"[avg_ctrl_freq, avg_est_latency]","[384.6328430175781, 0.0025322723668068647]"
1543504696144902514,,216,,1543504696,144563429,'',[FastCircle],['ON'],,"""FastCircle""","[AltHold, FullState]",1,"""ON""",,1543504694,739919022,[0],80,"[avg_ctrl_freq, avg_est_latency]","[357.1543884277344, 0.002641539555042982]"
1543504696244490394,,217,,1543504696,244113199,'',[FastCircle],['ON'],,"""FastCircle""","[AltHold, FullState]",1,"""ON""",,1543504694,739919022,[0],80,"[avg_ctrl_freq, avg_est_latency]","[333.3441162109375, 0.0026510381139814854]"
1543504696344813888,,218,,1543504696,344506142,'',[FastCircle],['ON'],,"""FastCircle""","[AltHold, FullState]",1,"""ON""",,1543504694,739919022,[0],80,"[avg_ctrl_freq, avg_est_latency]","[312.5138244628906, 0.0024566650390625]"
1543504696444087157,,219,,1543504696,443852770,'',[FastCircle],['ON'],,"""FastCircle""","[AltHold, FullState]",1,"""ON""",,1543504694,739919022,[0],80,"[avg_ctrl_freq, avg_est_latency]","[294.1285705566406, 0.0023586272727698088]"
1543504696544582376,,220,,1543504696,544239004,'',[FastCircle],['ON'],,"""FastCircle""","[AltHold, FullState]",1,"""ON""",,1543504694,739919022,[0],80,"[avg_ctrl_freq, avg_est_latency]","[277.78839111328125, 0.002454447792842984]"
1543504696645033810,,221,,1543504696,644740811,'',[FastCircle],['ON'],,"""FastCircle""","[AltHold, FullState]",1,"""ON""",,1543504694,739919022,[0],80,"[avg_ctrl_freq, avg_est_latency]","[263.16766357421875, 0.002649507485330105]"
1543504696744427896,,222,,1543504696,744158730,'',[FastCircle],['ON'],,"""FastCircle""","[AltHold, FullState]",1,"""ON""",,1543504694,739919022,[0],80,"[avg_ctrl_freq, avg_est_latency]","[250.00869750976562, 0.0025453853886574507]"
1543504696845047198,,223,,1543504696,844670670,'',[FastCircle],['ON'],,"""FastCircle""","[AltHold, FullState]",1,"""ON""",,1543504694,739919022,[0],80,"[avg_ctrl_freq, avg_est_latency]","[238.10157775878906, 0.002640037564560771]"
1543504696944488243,,224,,1543504696,944089057,'',[FastCircle],['ON'],,"""FastCircle""","[AltHold, FullState]",1,"""ON""",,1543504694,739919022,[0],80,"[avg_ctrl_freq, avg_est_latency]","[227.2806396484375, 0.0028364944737404585]"
1543504697044850733,,225,,1543504697,44580601,'',[FastCircle],['ON'],,"""FastCircle""","[AltHold, FullState]",1,"""ON""",,1543504694,739919022,[0],80,"[avg_ctrl_freq, avg_est_latency]","[217.3961639404297, 0.0029320574831217527]"
1543504697144261479,,226,,1543504697,143919896,'',[FastCircle],['ON'],,"""FastCircle""","[AltHold, FullState]",1,"""ON""",,1543504694,739919022,[0],80,"[avg_ctrl_freq, avg_est_latency]","[208.33859252929688, 0.0028368711937218904]"
1543504697244564160,,227,,1543504697,244333476,'',[FastCircle],['ON'],,"""FastCircle""","[AltHold, FullState]",1,"""ON""",,1543504694,739919022,[0],80,"[avg_ctrl_freq, avg_est_latency]","[200.00401306152344, 0.0028429317753762007]"
1543504697345120391,,228,,1543504697,344878732,'',[FastCircle],['ON'],,"""FastCircle""","[AltHold, FullState]",1,"""ON""",,1543504694,739919022,[0],80,"[avg_ctrl_freq, avg_est_latency]","[192.3129119873047, 0.0030393837951123714]"
1543504697444529396,,229,,1543504697,444289675,'',[FastCircle],['ON'],,"""FastCircle""","[AltHold, FullState]",1,"""ON""",,1543504694,739919022,[0],80,"[avg_ctrl_freq, avg_est_latency]","[185.1890411376953, 0.002943606348708272]"
1543504697545028287,,230,,1543504697,544665684,'',[FastCircle],['ON'],,"""FastCircle""","[AltHold, FullState]",1,"""ON""",,1543504694,739919022,[0],80,"[avg_ctrl_freq, avg_est_latency]","[178.57711791992188, 0.00313738826662302]"
1543504697644493648,,231,,1543504697,644163291,'',[FastCircle],['ON'],,"""FastCircle""","[AltHold, FullState]",1,"""ON""",,1543504694,739919022,[0],80,"[avg_ctrl_freq, avg_est_latency]","[172.41941833496094, 0.0032332276459783316]"
1543504697744825022,,232,,1543504697,744572330,'',[FastCircle],['ON'],,"""FastCircle""","[AltHold, FullState]",1,"""ON""",,1543504694,739919022,[0],80,"[avg_ctrl_freq, avg_est_latency]","[166.67176818847656, 0.003225503023713827]"
1543504697844499159,,233,,1543504697,843929042,'',[FastCircle],['ON'],,"""FastCircle""","[AltHold, FullState]",1,"""ON""",,1543504694,739919022,[0],80,"[avg_ctrl_freq, avg_est_latency]","[161.29318237304688, 0.0034199238289147615]"
1543504697944738695,,234,,1543504697,944371965,'',[FastCircle],['ON'],,"""FastCircle""","[AltHold, FullState]",1,"""ON""",,1543504694,739919022,[0],80,"[avg_ctrl_freq, avg_est_latency]","[156.25314331054688, 0.003421344794332981]"
1543504698045325727,,235,,1543504698,44902577,'',[FastCircle],['ON'],,"""FastCircle""","[AltHold, FullState]",1,"""ON""",,1543504694,739919022,[0],80,"[avg_ctrl_freq, avg_est_latency]","[151.51991271972656, 0.003524231957271695]"
1543504698144759881,,236,,1543504698,144388934,'',[FastCircle],['ON'],,"""FastCircle""","[AltHold, FullState]",1,"""ON""",,1543504694,739919022,[0],80,"[avg_ctrl_freq, avg_est_latency]","[147.0622100830078, 0.0034187985584139824]"
1543504698245197855,,237,,1543504698,244945376,'',[FastCircle],['ON'],,"""FastCircle""","[AltHold, FullState]",1,"""ON""",,1543504694,739919022,[0],80,"[avg_ctrl_freq, avg_est_latency]","[142.8602294921875, 0.0033140992745757103]"
1543504698344647139,,238,,1543504698,344373085,'',[FastCircle],['ON'],,"""FastCircle""","[AltHold, FullState]",1,"""ON""",,1543504694,739919022,[0],80,"[avg_ctrl_freq, avg_est_latency]","[138.89291381835938, 0.0036065245512872934]"
1543504698445011702,,239,,1543504698,444781594,'',[FastCircle],['ON'],,"""FastCircle""","[AltHold, FullState]",1,"""ON""",,1543504694,739919022,[0],80,"[avg_ctrl_freq, avg_est_latency]","[135.13902282714844, 0.003397993976250291]"
1543504698545430225,,240,,1543504698,544800178,'',[FastCircle],['ON'],,"""FastCircle""","[AltHold, FullState]",1,"""ON""",,1543504694,739919022,[0],80,"[avg_ctrl_freq, avg_est_latency]","[131.58277893066406, 0.0032880688086152077]"
1543504698644704457,,241,,1543504698,644361225,'',[FastCircle],['ON'],,"""FastCircle""","[AltHold, FullState]",1,"""ON""",,1543504694,739919022,[0],80,"[avg_ctrl_freq, avg_est_latency]","[128.2088623046875, 0.0032750796526670456]"
1543504698745057491,,242,,1543504698,744772764,'',[FastCircle],['ON'],,"""FastCircle""","[AltHold, FullState]",1,"""ON""",,1543504694,739919022,[0],80,"[avg_ctrl_freq, avg_est_latency]","[125.00337219238281, 0.003175339661538601]"
1543504698844705537,,243,,1543504698,844218882,'',[FastCircle],['ON'],,"""FastCircle""","[AltHold, FullState]",1,"""ON""",,1543504694,739919022,[0],80,"[avg_ctrl_freq, avg_est_latency]","[121.9527816772461, 0.0033681250642985106]"
1543504698945021548,,244,,1543504698,944704679,'',[FastCircle],['ON'],,"""FastCircle""","[AltHold, FullState]",1,"""ON""",,1543504694,739919022,[0],80,"[avg_ctrl_freq, avg_est_latency]","[119.05110931396484, 0.0032593298237770796]"
1543504699044455030,,245,,1543504699,44167891,'',[FastCircle],['ON'],,"""FastCircle""","[AltHold, FullState]",1,"""ON""",,1543504694,739919022,[0],80,"[avg_ctrl_freq, avg_est_latency]","[116.28191375732422, 0.0031726406887173653]"
1543504699144865281,,246,,1543504699,144639577,'',[FastCircle],['ON'],,"""FastCircle""","[AltHold, FullState]",1,"""ON""",,1543504694,739919022,[0],80,"[avg_ctrl_freq, avg_est_latency]","[113.63929748535156, 0.003074808046221733]"
1543504699244778932,,247,,1543504699,244527883,'',[FastCircle],['ON'],,"""FastCircle""","[AltHold, FullState]",1,"""ON""",,1543504694,739919022,[0],80,"[avg_ctrl_freq, avg_est_latency]","[111.1143798828125, 0.002977280644699931]"
1543504699344130637,,248,,1543504699,343877008,'',[FastCircle],['ON'],,"""FastCircle""","[AltHold, FullState]",1,"""ON""",,1543504694,739919022,[0],80,"[avg_ctrl_freq, avg_est_latency]","[108.69867706298828, 0.0030613422859460115]"
1543504699444561460,,249,,1543504699,444243687,'',[FastCircle],['ON'],,"""FastCircle""","[AltHold, FullState]",1,"""ON""",,1543504694,739919022,[0],80,"[avg_ctrl_freq, avg_est_latency]","[106.38558197021484, 0.0029628800693899393]"
1543504699544872667,,250,,1543504699,544643299,'',[FastCircle],['ON'],,"""FastCircle""","[AltHold, FullState]",1,"""ON""",,1543504694,739919022,[0],80,"[avg_ctrl_freq, avg_est_latency]","[104.16909790039062, 0.002959237201139331]"
1543504699644295441,,251,,1543504699,644057433,'',[FastCircle],['ON'],,"""FastCircle""","[AltHold, FullState]",1,"""ON""",,1543504694,739919022,[0],80,"[avg_ctrl_freq, avg_est_latency]","[102.04325103759766, 0.0030563496984541416]"
1543504699744843739,,252,,1543504699,744540689,'',[FastCircle],['ON'],,"""FastCircle""","[AltHold, FullState]",1,"""ON""",,1543504694,739919022,[0],80,"[avg_ctrl_freq, avg_est_latency]","[100.0027847290039, 0.003137764986604452]"
1543504699844113139,,253,,1543504699,843876918,'',[FastCircle],['ON'],,"""FastCircle""","[AltHold, FullState]",1,"""ON""",,1543504694,739919022,[0],80,"[avg_ctrl_freq, avg_est_latency]","[98.04182434082031, 0.0033201647456735373]"
1543504699944722287,,254,,1543504699,944262691,'',[FastCircle],['ON'],,"""FastCircle""","[AltHold, FullState]",1,"""ON""",,1543504694,739919022,[0],80,"[avg_ctrl_freq, avg_est_latency]","[96.15650939941406, 0.0032257651910185814]"
1543504700044989224,,255,,1543504700,44747288,'',[FastCircle],['ON'],,"""FastCircle""","[AltHold, FullState]",1,"""ON""",,1543504694,739919022,[0],80,"[avg_ctrl_freq, avg_est_latency]","[94.34166717529297, 0.003418140346184373]"
1543504700144364863,,256,,1543504700,144155933,'',[FastCircle],['ON'],,"""FastCircle""","[AltHold, FullState]",1,"""ON""",,1543504694,739919022,[0],80,"[avg_ctrl_freq, avg_est_latency]","[92.59488677978516, 0.0034191941376775503]"
1543504700244950631,,257,,1543504700,244559378,'',[FastCircle],['ON'],,"""FastCircle""","[AltHold, FullState]",1,"""ON""",,1543504694,739919022,[0],80,"[avg_ctrl_freq, avg_est_latency]","[90.91158294677734, 0.0033132266253232956]"
1543504700344214178,,258,,1543504700,343933835,'',[FastCircle],['ON'],,"""FastCircle""","[AltHold, FullState]",1,"""ON""",,1543504694,739919022,[0],80,"[avg_ctrl_freq, avg_est_latency]","[89.2881851196289, 0.003324599238112569]"
1543504700444640678,,259,,1543504700,444325760,'',[FastCircle],['ON'],,"""FastCircle""","[AltHold, FullState]",1,"""ON""",,1543504694,739919022,[0],80,"[avg_ctrl_freq, avg_est_latency]","[87.72126007080078, 0.0033323431853204966]"
1543504700545116588,,260,,1543504700,544773732,'',[FastCircle],['ON'],,"""FastCircle""","[AltHold, FullState]",1,"""ON""",,1543504694,739919022,[0],80,"[avg_ctrl_freq, avg_est_latency]","[86.20922088623047, 0.0034424162004143]"
1543504700644536349,,261,,1543504700,644219634,'',[FastCircle],['ON'],,"""FastCircle""","[AltHold, FullState]",1,"""ON""",,1543504694,739919022,[0],80,"[avg_ctrl_freq, avg_est_latency]","[84.74784851074219, 0.0035390995908528566]"
1543504700744900084,,262,,1543504700,744609893,'',[FastCircle],['ON'],,"""FastCircle""","[AltHold, FullState]",1,"""ON""",,1543504694,739919022,[0],80,"[avg_ctrl_freq, avg_est_latency]","[83.33497619628906, 0.003638787195086479]"
1543504700844310869,,263,,1543504700,843906575,'',[FastCircle],['ON'],,"""FastCircle""","[AltHold, FullState]",1,"""ON""",,1543504694,739919022,[0],80,"[avg_ctrl_freq, avg_est_latency]","[81.96936798095703, 0.0036482573486864567]"
1543504700944600909,,264,,1543504700,944357809,'',[FastCircle],['ON'],,"""FastCircle""","[AltHold, FullState]",1,"""ON""",,1543504694,739919022,[0],80,"[avg_ctrl_freq, avg_est_latency]","[80.64694213867188, 0.0036466980818659067]"
1543504701044141842,,265,,1543504701,43871513,'',[FastCircle],['ON'],,"""FastCircle""","[AltHold, FullState]",1,"""ON""",,1543504694,739919022,[0],80,"[avg_ctrl_freq, avg_est_latency]","[80.00151824951172, 0.003629984799772501]"
1543504701144522388,,266,,1543504701,144280661,'',[FastCircle],['ON'],,"""FastCircle""","[AltHold, FullState]",1,"""ON""",,1543504694,739919022,[0],80,"[avg_ctrl_freq, avg_est_latency]","[80.00177764892578, 0.003620405215770006]"
1543504701244992358,,267,,1543504701,244679960,'',[FastCircle],['ON'],,"""FastCircle""","[AltHold, FullState]",1,"""ON""",,1543504694,739919022,[0],80,"[avg_ctrl_freq, avg_est_latency]","[80.00221252441406, 0.0034347104374319315]"
1543504701344396211,,268,,1543504701,344143065,'',[FastCircle],['ON'],,"""FastCircle""","[AltHold, FullState]",1,"""ON""",,1543504694,739919022,[0],80,"[avg_ctrl_freq, avg_est_latency]","[80.00199890136719, 0.0034304093569517136]"
1543504701444927087,,269,,1543504701,444602127,'',[FastCircle],['ON'],,"""FastCircle""","[AltHold, FullState]",1,"""ON""",,1543504694,739919022,[0],80,"[avg_ctrl_freq, avg_est_latency]","[80.00187683105469, 0.00332221994176507]"
1543504701544397938,,270,,1543504701,544129301,'',[FastCircle],['ON'],,"""FastCircle""","[AltHold, FullState]",1,"""ON""",,1543504694,739919022,[0],80,"[avg_ctrl_freq, avg_est_latency]","[80.00213623046875, 0.0033122969325631857]"
1543504701644889934,,271,,1543504701,644605155,'',[FastCircle],['ON'],,"""FastCircle""","[AltHold, FullState]",1,"""ON""",,1543504694,739919022,[0],80,"[avg_ctrl_freq, avg_est_latency]","[80.00190734863281, 0.0033225726801902056]"
1543504701744581632,,272,,1543504701,744313825,'',[FastCircle],['ON'],,"""FastCircle""","[AltHold, FullState]",1,"""ON""",,1543504694,739919022,[0],80,"[avg_ctrl_freq, avg_est_latency]","[80.0018539428711, 0.0035149764735251665]"
1543504701845031319,,273,,1543504701,844747890,'',[FastCircle],['ON'],,"""FastCircle""","[AltHold, FullState]",1,"""ON""",,1543504694,739919022,[0],80,"[avg_ctrl_freq, avg_est_latency]","[80.00205993652344, 0.0035983037669211626]"
1543504701944516451,,274,,1543504701,944271182,'',[FastCircle],['ON'],,"""FastCircle""","[AltHold, FullState]",1,"""ON""",,1543504694,739919022,[0],80,"[avg_ctrl_freq, avg_est_latency]","[80.00151062011719, 0.003690209472551942]"
1543504702045075373,,275,,1543504702,44755438,'',[FastCircle],['ON'],,"""FastCircle""","[AltHold, FullState]",1,"""ON""",,1543504694,739919022,[0],80,"[avg_ctrl_freq, avg_est_latency]","[80.00178527832031, 0.0036988640204072]"
1543504702144560131,,276,,1543504702,144181234,'',[FastCircle],['ON'],,"""FastCircle""","[AltHold, FullState]",1,"""ON""",,1543504694,739919022,[0],80,"[avg_ctrl_freq, avg_est_latency]","[80.0010757446289, 0.0035118150990456343]"
1543504702245238210,,277,,1543504702,244646454,'',[FastCircle],['ON'],,"""FastCircle""","[AltHold, FullState]",1,"""ON""",,1543504694,739919022,[0],80,"[avg_ctrl_freq, avg_est_latency]","[80.0019760131836, 0.0036080407444387674]"
1543504702344675628,,278,,1543504702,344437979,'',[FastCircle],['ON'],,"""FastCircle""","[AltHold, FullState]",1,"""ON""",,1543504694,739919022,[0],80,"[avg_ctrl_freq, avg_est_latency]","[80.00127410888672, 0.0036022805143147707]"
1543504702444263098,,279,,1543504702,443948037,'',[FastCircle],['ON'],,"""FastCircle""","[AltHold, FullState]",1,"""ON""",,1543504694,739919022,[0],80,"[avg_ctrl_freq, avg_est_latency]","[80.00208282470703, 0.003604307072237134]"
1543504702544595722,,280,,1543504702,544343351,'',[FastCircle],['ON'],,"""FastCircle""","[AltHold, FullState]",1,"""ON""",,1543504694,739919022,[0],80,"[avg_ctrl_freq, avg_est_latency]","[80.00180053710938, 0.0035124635323882103]"
1543504702645059543,,281,,1543504702,644786836,'',[FastCircle],['ON'],,"""FastCircle""","[AltHold, FullState]",1,"""ON""",,1543504694,739919022,[0],80,"[avg_ctrl_freq, avg_est_latency]","[80.00196838378906, 0.003318729344755411]"
1543504702744594572,,282,,1543504702,744281195,'',[FastCircle],['ON'],,"""FastCircle""","[AltHold, FullState]",1,"""ON""",,1543504694,739919022,[0],80,"[avg_ctrl_freq, avg_est_latency]","[80.0017318725586, 0.003491363488137722]"
1543504702844963975,,283,,1543504702,844686414,'',[FastCircle],['ON'],,"""FastCircle""","[AltHold, FullState]",1,"""ON""",,1543504694,739919022,[0],80,"[avg_ctrl_freq, avg_est_latency]","[80.00188446044922, 0.003571519860997796]"
1543504702944486969,,284,,1543504702,944131045,'',[FastCircle],['ON'],,"""FastCircle""","[AltHold, FullState]",1,"""ON""",,1543504694,739919022,[0],80,"[avg_ctrl_freq, avg_est_latency]","[80.00182342529297, 0.00357087142765522]"
1543504703044842658,,285,,1543504703,44563039,'',[FastCircle],['ON'],,"""FastCircle""","[AltHold, FullState]",1,"""ON""",,1543504694,739919022,[0],80,"[avg_ctrl_freq, avg_est_latency]","[80.00215148925781, 0.0034727382007986307]"
1543504703144318848,,286,,1543504703,143980378,'',[FastCircle],['ON'],,"""FastCircle""","[AltHold, FullState]",1,"""ON""",,1543504694,739919022,[0],80,"[avg_ctrl_freq, avg_est_latency]","[80.00141143798828, 0.003440585220232606]"
1543504703244870859,,287,,1543504703,244477297,'',[FastCircle],['ON'],,"""FastCircle""","[AltHold, FullState]",1,"""ON""",,1543504694,739919022,[0],80,"[avg_ctrl_freq, avg_est_latency]","[80.00215148925781, 0.003629169426858425]"
1543504703345185155,,288,,1543504703,344937485,'',[FastCircle],['ON'],,"""FastCircle""","[AltHold, FullState]",1,"""ON""",,1543504694,739919022,[0],80,"[avg_ctrl_freq, avg_est_latency]","[80.00228881835938, 0.003739471547305584]"
1543504703444775639,,289,,1543504703,444429696,'',[FastCircle],['ON'],,"""FastCircle""","[AltHold, FullState]",1,"""ON""",,1543504694,739919022,[0],80,"[avg_ctrl_freq, avg_est_latency]","[80.00240325927734, 0.0037434338591992855]"
1543504703545073161,,290,,1543504703,544800717,'',[FastCircle],['ON'],,"""FastCircle""","[AltHold, FullState]",1,"""ON""",,1543504694,739919022,[0],80,"[avg_ctrl_freq, avg_est_latency]","[80.00173950195312, 0.0037459994200617075]"
1543504703644433870,,291,,1543504703,644166429,'',[FastCircle],['ON'],,"""FastCircle""","[AltHold, FullState]",1,"""ON""",,1543504694,739919022,[0],80,"[avg_ctrl_freq, avg_est_latency]","[80.00175476074219, 0.003735709236934781]"
1543504703744916853,,292,,1543504703,744655785,'',[FastCircle],['ON'],,"""FastCircle""","[AltHold, FullState]",1,"""ON""",,1543504694,739919022,[0],80,"[avg_ctrl_freq, avg_est_latency]","[80.001708984375, 0.003833565628156066]"
1543504703844355087,,293,,1543504703,844132531,'',[FastCircle],['ON'],,"""FastCircle""","[AltHold, FullState]",1,"""ON""",,1543504694,739919022,[0],80,"[avg_ctrl_freq, avg_est_latency]","[80.00239562988281, 0.003841557539999485]"
1543504703944831754,,294,,1543504703,944571906,'',[FastCircle],['ON'],,"""FastCircle""","[AltHold, FullState]",1,"""ON""",,1543504694,739919022,[0],80,"[avg_ctrl_freq, avg_est_latency]","[80.00191497802734, 0.003829636611044407]"
1543504704044320167,,295,,1543504704,44100135,'',[FastCircle],['ON'],,"""FastCircle""","[AltHold, FullState]",1,"""ON""",,1543504694,739919022,[0],80,"[avg_ctrl_freq, avg_est_latency]","[80.00225067138672, 0.003828515997156501]"
1543504704144810782,,296,,1543504704,144475536,'',[FastCircle],['ON'],,"""FastCircle""","[AltHold, FullState]",1,"""ON""",,1543504694,739919022,[0],80,"[avg_ctrl_freq, avg_est_latency]","[80.00169372558594, 0.0038102292455732822]"
1543504704245099501,,297,,1543504704,244881062,'',[FastCircle],['ON'],,"""FastCircle""","[AltHold, FullState]",1,"""ON""",,1543504694,739919022,[0],80,"[avg_ctrl_freq, avg_est_latency]","[80.00170135498047, 0.0038097715005278587]"
1543504704344535994,,298,,1543504704,344279259,'',[FastCircle],['ON'],,"""FastCircle""","[AltHold, FullState]",1,"""ON""",,1543504694,739919022,[0],80,"[avg_ctrl_freq, avg_est_latency]","[80.00191497802734, 0.003808035748079419]"
1543504704444883016,,299,,1543504704,444612958,'',[FastCircle],['ON'],,"""FastCircle""","[AltHold, FullState]",1,"""ON""",,1543504694,739919022,[0],80,"[avg_ctrl_freq, avg_est_latency]","[80.00215911865234, 0.0038066196721047163]"
1543504704544483120,,300,,1543504704,544215694,'',[FastCircle],['ON'],,"""FastCircle""","[AltHold, FullState]",1,"""ON""",,1543504694,739919022,[0],80,"[avg_ctrl_freq, avg_est_latency]","[80.00187683105469, 0.0038090848829597235]"
1543504704645092932,,301,,1543504704,644687519,'',[FastCircle],['ON'],,"""FastCircle""","[AltHold, FullState]",1,"""ON""",,1543504694,739919022,[0],80,"[avg_ctrl_freq, avg_est_latency]","[80.00173950195312, 0.00380723481066525]"
1543504704744307365,,302,,1543504704,744018417,'',[FastCircle],['ON'],,"""FastCircle""","[AltHold, FullState]",1,"""ON""",,1543504694,739919022,[0],80,"[avg_ctrl_freq, avg_est_latency]","[80.0018081665039, 0.003819313133135438]"
1543504704844779870,,303,,1543504704,844509062,'',[FastCircle],['ON'],,"""FastCircle""","[AltHold, FullState]",1,"""ON""",,1543504694,739919022,[0],80,"[avg_ctrl_freq, avg_est_latency]","[80.00141906738281, 0.003801388666033745]"
1543504704944128422,,304,,1543504704,943839800,'',[FastCircle],['ON'],,"""FastCircle""","[AltHold, FullState]",1,"""ON""",,1543504694,739919022,[0],80,"[avg_ctrl_freq, avg_est_latency]","[80.0018081665039, 0.003806099994108081]"
1543504705044569121,,305,,1543504705,44260261,'',[FastCircle],['ON'],,"""FastCircle""","[AltHold, FullState]",1,"""ON""",,1543504694,739919022,[0],80,"[avg_ctrl_freq, avg_est_latency]","[80.0023193359375, 0.0038033819291740656]"
1543504705144943791,,306,,1543504705,144660367,'',[FastCircle],['ON'],,"""FastCircle""","[AltHold, FullState]",1,"""ON""",,1543504694,739919022,[0],80,"[avg_ctrl_freq, avg_est_latency]","[80.00199890136719, 0.0037104273214936256]"
1543504705244458284,,307,,1543504705,244215687,'',[FastCircle],['ON'],,"""FastCircle""","[AltHold, FullState]",1,"""ON""",,1543504694,739919022,[0],80,"[avg_ctrl_freq, avg_est_latency]","[80.00176239013672, 0.0036975382827222347]"
1543504705345156366,,308,,1543504705,344643589,'',[FastCircle],['ON'],,"""FastCircle""","[AltHold, FullState]",1,"""ON""",,1543504694,739919022,[0],80,"[avg_ctrl_freq, avg_est_latency]","[80.00186157226562, 0.003688597586005926]"
1543504705444546178,,309,,1543504705,444118550,'',[FastCircle],['ON'],,"""FastCircle""","[AltHold, FullState]",1,"""ON""",,1543504694,739919022,[0],80,"[avg_ctrl_freq, avg_est_latency]","[80.00220489501953, 0.0036915873643010855]"
1543504705544916442,,310,,1543504705,544569862,'',[FastCircle],['ON'],,"""FastCircle""","[AltHold, FullState]",1,"""ON""",,1543504694,739919022,[0],80,"[avg_ctrl_freq, avg_est_latency]","[80.00215911865234, 0.00368484016507864]"
1543504705644289156,,311,,1543504705,643879745,'',[FastCircle],['ON'],,"""FastCircle""","[AltHold, FullState]",1,"""ON""",,1543504694,739919022,[0],80,"[avg_ctrl_freq, avg_est_latency]","[80.001708984375, 0.003673396073281765]"
1543504705744503732,,312,,1543504705,744242226,'',[FastCircle],['ON'],,"""FastCircle""","[AltHold, FullState]",1,"""ON""",,1543504694,739919022,[0],80,"[avg_ctrl_freq, avg_est_latency]","[80.00189208984375, 0.003655490931123495]"
1543504705844917555,,313,,1543504705,844634978,'',[FastCircle],['ON'],,"""FastCircle""","[AltHold, FullState]",1,"""ON""",,1543504694,739919022,[0],80,"[avg_ctrl_freq, avg_est_latency]","[80.00169372558594, 0.003745932597666979]"
1543504705944474936,,314,,1543504705,944020399,'',[FastCircle],['ON'],,"""FastCircle""","[AltHold, FullState]",1,"""ON""",,1543504694,739919022,[0],80,"[avg_ctrl_freq, avg_est_latency]","[80.001953125, 0.003751554526388645]"
1543504706044810063,,315,,1543504706,44537892,'',[FastCircle],['ON'],,"""FastCircle""","[AltHold, FullState]",1,"""ON""",,1543504694,739919022,[0],80,"[avg_ctrl_freq, avg_est_latency]","[80.0017318725586, 0.0037463903427124023]"
1543504706144091602,,316,,1543504706,143871890,'',[FastCircle],['ON'],,"""FastCircle""","[AltHold, FullState]",1,"""ON""",,1543504694,739919022,[0],80,"[avg_ctrl_freq, avg_est_latency]","[80.0018310546875, 0.003752531949430704]"
1543504706241018064,,317,,1543504706,240392185,'',[FastCircle],['OFF'],,"""FastCircle""","[AltHold, FullState]",1,"""OFF""",,1543504694,739919022,1543504706,240245988,[0],80,"[avg_ctrl_freq, avg_est_latency]","[80.0018310546875, 0.003768873168155551]"
1543504706340085974,,318,,1543504706,339589618,'',[FastCircle],['OFF'],,"""FastCircle""","[AltHold, FullState]",1,"""OFF""",,1543504694,739919022,1543504706,240245988,[0],80,"[avg_ctrl_freq, avg_est_latency]","[80.0018310546875, 0.003768873168155551]"
1543504706444261604,,319,,1543504706,443900278,'',[FastCircle],['OFF'],,"""FastCircle""","[AltHold, FullState]",1,"""OFF""",,1543504694,739919022,1543504706,240245988,[0],80,"[avg_ctrl_freq, avg_est_latency]","[80.0018310546875, 0.003768873168155551]"
1543504706544986608,,320,,1543504706,544455735,'',[FastCircle],['OFF'],,"""FastCircle""","[AltHold, FullState]",1,"""OFF""",,1543504694,739919022,1543504706,240245988,[0],80,"[avg_ctrl_freq, avg_est_latency]","[80.0018310546875, 0.003768873168155551]"
1543504706645392187,,321,,1543504706,644908373,'',[FastCircle],['OFF'],,"""FastCircle""","[AltHold, FullState]",1,"""OFF""",,1543504694,739919022,1543504706,240245988,[0],80,"[avg_ctrl_freq, avg_est_latency]","[80.0018310546875, 0.003768873168155551]"
1543504706744598968,,322,,1543504706,744317741,'',[FastCircle],['OFF'],,"""FastCircle""","[AltHold, FullState]",1,"""OFF""",,1543504694,739919022,1543504706,240245988,[0],80,"[avg_ctrl_freq, avg_est_latency]","[80.0018310546875, 0.003768873168155551]"
1543504706845144325,,323,,1543504706,844741840,'',[FastCircle],['OFF'],,"""FastCircle""","[AltHold, FullState]",1,"""OFF""",,1543504694,739919022,1543504706,240245988,[0],80,"[avg_ctrl_freq, avg_est_latency]","[80.0018310546875, 0.003768873168155551]"
1543504706944522307,,324,,1543504706,944239583,'',[FastCircle],['OFF'],,"""FastCircle""","[AltHold, FullState]",1,"""OFF""",,1543504694,739919022,1543504706,240245988,[0],80,"[avg_ctrl_freq, avg_est_latency]","[80.0018310546875, 0.003768873168155551]"
1543504707044956542,,325,,1543504707,44708033,'',[FastCircle],['OFF'],,"""FastCircle""","[AltHold, FullState]",1,"""OFF""",,1543504694,739919022,1543504706,240245988,[0],80,"[avg_ctrl_freq, avg_est_latency]","[80.0018310546875, 0.003768873168155551]"
1543504707144416838,,326,,1543504707,144142720,'',[FastCircle],['OFF'],,"""FastCircle""","[AltHold, FullState]",1,"""OFF""",,1543504694,739919022,1543504706,240245988,[0],80,"[avg_ctrl_freq, avg_est_latency]","[80.0018310546875, 0.003768873168155551]"
1543504707244776363,,327,,1543504707,244505178,'',[FastCircle],['OFF'],,"""FastCircle""","[AltHold, FullState]",1,"""OFF""",,1543504694,739919022,1543504706,240245988,[0],80,"[avg_ctrl_freq, avg_est_latency]","[80.0018310546875, 0.003768873168155551]"
1543504707344075454,,328,,1543504707,343831888,'',[FastCircle],['OFF'],,"""FastCircle""","[AltHold, FullState]",1,"""OFF""",,1543504694,739919022,1543504706,240245988,[0],80,"[avg_ctrl_freq, avg_est_latency]","[80.0018310546875, 0.003768873168155551]"
1543504707444476898,,329,,1543504707,444202389,'',[FastCircle],['OFF'],,"""FastCircle""","[AltHold, FullState]",1,"""OFF""",,1543504694,739919022,1543504706,240245988,[0],80,"[avg_ctrl_freq, avg_est_latency]","[80.0018310546875, 0.003768873168155551]"
1543504707544858952,,330,,1543504707,544626368,'',[FastCircle],['OFF'],,"""FastCircle""","[AltHold, FullState]",1,"""OFF""",,1543504694,739919022,1543504706,240245988,[0],80,"[avg_ctrl_freq, avg_est_latency]","[80.0018310546875, 0.003768873168155551]"
1543504707644361875,,331,,1543504707,644106542,'',[FastCircle],['OFF'],,"""FastCircle""","[AltHold, FullState]",1,"""OFF""",,1543504694,739919022,1543504706,240245988,[0],80,"[avg_ctrl_freq, avg_est_latency]","[80.0018310546875, 0.003768873168155551]"
1543504707744990094,,332,,1543504707,744575162,'',[FastCircle],['OFF'],,"""FastCircle""","[AltHold, FullState]",1,"""OFF""",,1543504694,739919022,1543504706,240245988,[0],80,"[avg_ctrl_freq, avg_est_latency]","[80.0018310546875, 0.003768873168155551]"
1543504707844367768,,333,,1543504707,844090183,'',[FastCircle],['OFF'],,"""FastCircle""","[AltHold, FullState]",1,"""OFF""",,1543504694,739919022,1543504706,240245988,[0],80,"[avg_ctrl_freq, avg_est_latency]","[80.0018310546875, 0.003768873168155551]"
1543504707944823930,,334,,1543504707,944568963,'',[FastCircle],['OFF'],,"""FastCircle""","[AltHold, FullState]",1,"""OFF""",,1543504694,739919022,1543504706,240245988,[0],80,"[avg_ctrl_freq, avg_est_latency]","[80.0018310546875, 0.003768873168155551]"
1543504708044276320,,335,,1543504708,43954427,'',[FastCircle],['OFF'],,"""FastCircle""","[AltHold, FullState]",1,"""OFF""",,1543504694,739919022,1543504706,240245988,[0],80,"[avg_ctrl_freq, avg_est_latency]","[80.0018310546875, 0.003768873168155551]"
1543504708144646437,,336,,1543504708,144354283,'',[FastCircle],['OFF'],,"""FastCircle""","[AltHold, FullState]",1,"""OFF""",,1543504694,739919022,1543504706,240245988,[0],80,"[avg_ctrl_freq, avg_est_latency]","[80.0018310546875, 0.003768873168155551]"
1543504708244427680,,337,,1543504708,244124767,'',[FastCircle],['OFF'],,"""FastCircle""","[AltHold, FullState]",1,"""OFF""",,1543504694,739919022,1543504706,240245988,[0],80,"[avg_ctrl_freq, avg_est_latency]","[80.0018310546875, 0.003768873168155551]"
1543504708345035429,,338,,1543504708,344563920,'',[FastCircle],['OFF'],,"""FastCircle""","[AltHold, FullState]",1,"""OFF""",,1543504694,739919022,1543504706,240245988,[0],80,"[avg_ctrl_freq, avg_est_latency]","[80.0018310546875, 0.003768873168155551]"
1543504708444167896,,339,,1543504708,443892955,'',[FastCircle],['OFF'],,"""FastCircle""","[AltHold, FullState]",1,"""OFF""",,1543504694,739919022,1543504706,240245988,[0],80,"[avg_ctrl_freq, avg_est_latency]","[80.0018310546875, 0.003768873168155551]"
1543504708544574436,,340,,1543504708,544302927,'',[FastCircle],['OFF'],,"""FastCircle""","[AltHold, FullState]",1,"""OFF""",,1543504694,739919022,1543504706,240245988,[0],80,"[avg_ctrl_freq, avg_est_latency]","[80.0018310546875, 0.003768873168155551]"
1543504708645027141,,341,,1543504708,644724568,'',[FastCircle],['OFF'],,"""FastCircle""","[AltHold, FullState]",1,"""OFF""",,1543504694,739919022,1543504706,240245988,[0],80,"[avg_ctrl_freq, avg_est_latency]","[80.0018310546875, 0.003768873168155551]"
1543504708744414129,,342,,1543504708,744180006,'',[FastCircle],['OFF'],,"""FastCircle""","[AltHold, FullState]",1,"""OFF""",,1543504694,739919022,1543504706,240245988,[0],80,"[avg_ctrl_freq, avg_est_latency]","[80.0018310546875, 0.003768873168155551]"
1543504708844904137,,343,,1543504708,844627946,'',[FastCircle],['OFF'],,"""FastCircle""","[AltHold, FullState]",1,"""OFF""",,1543504694,739919022,1543504706,240245988,[0],80,"[avg_ctrl_freq, avg_est_latency]","[80.0018310546875, 0.003768873168155551]"
1543504708944284030,,344,,1543504708,943982583,'',[FastCircle],['OFF'],,"""FastCircle""","[AltHold, FullState]",1,"""OFF""",,1543504694,739919022,1543504706,240245988,[0],80,"[avg_ctrl_freq, avg_est_latency]","[80.0018310546875, 0.003768873168155551]"
1543504709044709089,,345,,1543504709,44424454,'',[FastCircle],['OFF'],,"""FastCircle""","[AltHold, FullState]",1,"""OFF""",,1543504694,739919022,1543504706,240245988,[0],80,"[avg_ctrl_freq, avg_est_latency]","[80.0018310546875, 0.003768873168155551]"
1543504709144443999,,346,,1543504709,144115657,'',[FastCircle],['OFF'],,"""FastCircle""","[AltHold, FullState]",1,"""OFF""",,1543504694,739919022,1543504706,240245988,[0],80,"[avg_ctrl_freq, avg_est_latency]","[80.0018310546875, 0.003768873168155551]"
1543504709244857749,,347,,1543504709,244536009,'',[FastCircle],['OFF'],,"""FastCircle""","[AltHold, FullState]",1,"""OFF""",,1543504694,739919022,1543504706,240245988,[0],80,"[avg_ctrl_freq, avg_est_latency]","[80.0018310546875, 0.003768873168155551]"
1543504709344470470,,348,,1543504709,344234127,'',[FastCircle],['OFF'],,"""FastCircle""","[AltHold, FullState]",1,"""OFF""",,1543504694,739919022,1543504706,240245988,[0],80,"[avg_ctrl_freq, avg_est_latency]","[80.0018310546875, 0.003768873168155551]"
1543504709444954329,,349,,1543504709,444632449,'',[FastCircle],['OFF'],,"""FastCircle""","[AltHold, FullState]",1,"""OFF""",,1543504694,739919022,1543504706,240245988,[0],80,"[avg_ctrl_freq, avg_est_latency]","[80.0018310546875, 0.003768873168155551]"
1543504709544420913,,350,,1543504709,544134577,'',[FastCircle],['OFF'],,"""FastCircle""","[AltHold, FullState]",1,"""OFF""",,1543504694,739919022,1543504706,240245988,[0],80,"[avg_ctrl_freq, avg_est_latency]","[80.0018310546875, 0.003768873168155551]"
1543504709644954740,,351,,1543504709,644662957,'',[FastCircle],['OFF'],,"""FastCircle""","[AltHold, FullState]",1,"""OFF""",,1543504694,739919022,1543504706,240245988,[0],80,"[avg_ctrl_freq, avg_est_latency]","[80.0018310546875, 0.003768873168155551]"
1543504709744373873,,352,,1543504709,744113248,'',[FastCircle],['OFF'],,"""FastCircle""","[AltHold, FullState]",1,"""OFF""",,1543504694,739919022,1543504706,240245988,[0],80,"[avg_ctrl_freq, avg_est_latency]","[80.0018310546875, 0.003768873168155551]"
1543504709844995467,,353,,1543504709,844634797,'',[FastCircle],['OFF'],,"""FastCircle""","[AltHold, FullState]",1,"""OFF""",,1543504694,739919022,1543504706,240245988,[0],80,"[avg_ctrl_freq, avg_est_latency]","[80.0018310546875, 0.003768873168155551]"
1543504709944270992,,354,,1543504709,944029651,'',[FastCircle],['OFF'],,"""FastCircle""","[AltHold, FullState]",1,"""OFF""",,1543504694,739919022,1543504706,240245988,[0],80,"[avg_ctrl_freq, avg_est_latency]","[80.0018310546875, 0.003768873168155551]"
1543504710044759706,,355,,1543504710,44516944,'',[FastCircle],['OFF'],,"""FastCircle""","[AltHold, FullState]",1,"""OFF""",,1543504694,739919022,1543504706,240245988,[0],80,"[avg_ctrl_freq, avg_est_latency]","[80.0018310546875, 0.003768873168155551]"
1543504710144287382,,356,,1543504710,143877448,'',[FastCircle],['OFF'],,"""FastCircle""","[AltHold, FullState]",1,"""OFF""",,1543504694,739919022,1543504706,240245988,[0],80,"[avg_ctrl_freq, avg_est_latency]","[80.0018310546875, 0.003768873168155551]"
1543504710244459258,,357,,1543504710,244227369,'',[FastCircle],['OFF'],,"""FastCircle""","[AltHold, FullState]",1,"""OFF""",,1543504694,739919022,1543504706,240245988,[0],80,"[avg_ctrl_freq, avg_est_latency]","[80.0018310546875, 0.003768873168155551]"
1543504710345004011,,358,,1543504710,344717131,'',[FastCircle],['OFF'],,"""FastCircle""","[AltHold, FullState]",1,"""OFF""",,1543504694,739919022,1543504706,240245988,[0],80,"[avg_ctrl_freq, avg_est_latency]","[80.0018310546875, 0.003768873168155551]"
1543504710444464090,,359,,1543504710,444143069,'',[FastCircle],['OFF'],,"""FastCircle""","[AltHold, FullState]",1,"""OFF""",,1543504694,739919022,1543504706,240245988,[0],80,"[avg_ctrl_freq, avg_est_latency]","[80.0018310546875, 0.003768873168155551]"
1543504710544889404,,360,,1543504710,544580371,'',[FastCircle],['OFF'],,"""FastCircle""","[AltHold, FullState]",1,"""OFF""",,1543504694,739919022,1543504706,240245988,[0],80,"[avg_ctrl_freq, avg_est_latency]","[80.0018310546875, 0.003768873168155551]"
1543504710644147269,,361,,1543504710,643896545,'',[FastCircle],['OFF'],,"""FastCircle""","[AltHold, FullState]",1,"""OFF""",,1543504694,739919022,1543504706,240245988,[0],80,"[avg_ctrl_freq, avg_est_latency]","[80.0018310546875, 0.003768873168155551]"
1543504710744550680,,362,,1543504710,744281286,'',[FastCircle],['OFF'],,"""FastCircle""","[AltHold, FullState]",1,"""OFF""",,1543504694,739919022,1543504706,240245988,[0],80,"[avg_ctrl_freq, avg_est_latency]","[80.0018310546875, 0.003768873168155551]"
1543504710844980533,,363,,1543504710,844721979,'',[FastCircle],['OFF'],,"""FastCircle""","[AltHold, FullState]",1,"""OFF""",,1543504694,739919022,1543504706,240245988,[0],80,"[avg_ctrl_freq, avg_est_latency]","[80.0018310546875, 0.003768873168155551]"
1543504710944761706,,364,,1543504710,944269541,'',[FastCircle],['OFF'],,"""FastCircle""","[AltHold, FullState]",1,"""OFF""",,1543504694,739919022,1543504706,240245988,[0],80,"[avg_ctrl_freq, avg_est_latency]","[80.0018310546875, 0.003768873168155551]"
1543504711045049407,,365,,1543504711,44692534,'',[FastCircle],['OFF'],,"""FastCircle""","[AltHold, FullState]",1,"""OFF""",,1543504694,739919022,1543504706,240245988,[0],80,"[avg_ctrl_freq, avg_est_latency]","[80.0018310546875, 0.003768873168155551]"
1543504711144398002,,366,,1543504711,144138007,'',[FastCircle],['OFF'],,"""FastCircle""","[AltHold, FullState]",1,"""OFF""",,1543504694,739919022,1543504706,240245988,[0],80,"[avg_ctrl_freq, avg_est_latency]","[80.0018310546875, 0.003768873168155551]"
1543504711244885232,,367,,1543504711,244566126,'',[FastCircle],['OFF'],,"""FastCircle""","[AltHold, FullState]",1,"""OFF""",,1543504694,739919022,1543504706,240245988,[0],80,"[avg_ctrl_freq, avg_est_latency]","[80.0018310546875, 0.003768873168155551]"
1543504711344224922,,368,,1543504711,343865252,'',[FastCircle],['OFF'],,"""FastCircle""","[AltHold, FullState]",1,"""OFF""",,1543504694,739919022,1543504706,240245988,[0],80,"[avg_ctrl_freq, avg_est_latency]","[80.0018310546875, 0.003768873168155551]"
1543504711444628191,,369,,1543504711,444342215,'',[FastCircle],['OFF'],,"""FastCircle""","[AltHold, FullState]",1,"""OFF""",,1543504694,739919022,1543504706,240245988,[0],80,"[avg_ctrl_freq, avg_est_latency]","[80.0018310546875, 0.003768873168155551]"
1543504711545147411,,370,,1543504711,544798425,'',[FastCircle],['OFF'],,"""FastCircle""","[AltHold, FullState]",1,"""OFF""",,1543504694,739919022,1543504706,240245988,[0],80,"[avg_ctrl_freq, avg_est_latency]","[80.0018310546875, 0.003768873168155551]"
1543504711644466943,,371,,1543504711,644186230,'',[FastCircle],['OFF'],,"""FastCircle""","[AltHold, FullState]",1,"""OFF""",,1543504694,739919022,1543504706,240245988,[0],80,"[avg_ctrl_freq, avg_est_latency]","[80.0018310546875, 0.003768873168155551]"
1543504711744976616,,372,,1543504711,744685839,'',[FastCircle],['OFF'],,"""FastCircle""","[AltHold, FullState]",1,"""OFF""",,1543504694,739919022,1543504706,240245988,[0],80,"[avg_ctrl_freq, avg_est_latency]","[80.0018310546875, 0.003768873168155551]"
1543504711844457444,,373,,1543504711,844183411,'',[FastCircle],['OFF'],,"""FastCircle""","[AltHold, FullState]",1,"""OFF""",,1543504694,739919022,1543504706,240245988,[0],80,"[avg_ctrl_freq, avg_est_latency]","[80.0018310546875, 0.003768873168155551]"
1543504711945010924,,374,,1543504711,944640953,'',[FastCircle],['OFF'],,"""FastCircle""","[AltHold, FullState]",1,"""OFF""",,1543504694,739919022,1543504706,240245988,[0],80,"[avg_ctrl_freq, avg_est_latency]","[80.0018310546875, 0.003768873168155551]"
1543504712044626254,,375,,1543504712,44167023,'',[FastCircle],['OFF'],,"""FastCircle""","[AltHold, FullState]",1,"""OFF""",,1543504694,739919022,1543504706,240245988,[0],80,"[avg_ctrl_freq, avg_est_latency]","[80.0018310546875, 0.003768873168155551]"
1543504712146066524,,376,,1543504712,144693507,'',[FastCircle],['OFF'],,"""FastCircle""","[AltHold, FullState]",1,"""OFF""",,1543504694,739919022,1543504706,240245988,[0],80,"[avg_ctrl_freq, avg_est_latency]","[80.0018310546875, 0.003768873168155551]"
1543504712244576541,,377,,1543504712,244251838,'',[FastCircle],['OFF'],,"""FastCircle""","[AltHold, FullState]",1,"""OFF""",,1543504694,739919022,1543504706,240245988,[0],80,"[avg_ctrl_freq, avg_est_latency]","[80.0018310546875, 0.003768873168155551]"
1543504712344986818,,378,,1543504712,344742731,'',[FastCircle],['OFF'],,"""FastCircle""","[AltHold, FullState]",1,"""OFF""",,1543504694,739919022,1543504706,240245988,[0],80,"[avg_ctrl_freq, avg_est_latency]","[80.0018310546875, 0.003768873168155551]"
1543504712444523276,,379,,1543504712,444284892,'',[FastCircle],['OFF'],,"""FastCircle""","[AltHold, FullState]",1,"""OFF""",,1543504694,739919022,1543504706,240245988,[0],80,"[avg_ctrl_freq, avg_est_latency]","[80.0018310546875, 0.003768873168155551]"
1543504712545089254,,380,,1543504712,544772852,'',[FastCircle],['OFF'],,"""FastCircle""","[AltHold, FullState]",1,"""OFF""",,1543504694,739919022,1543504706,240245988,[0],80,"[avg_ctrl_freq, avg_est_latency]","[80.0018310546875, 0.003768873168155551]"
1543504712644840850,,381,,1543504712,644226636,'',[FastCircle],['OFF'],,"""FastCircle""","[AltHold, FullState]",1,"""OFF""",,1543504694,739919022,1543504706,240245988,[0],80,"[avg_ctrl_freq, avg_est_latency]","[80.0018310546875, 0.003768873168155551]"
1543504712744920530,,382,,1543504712,744648085,'',[FastCircle],['OFF'],,"""FastCircle""","[AltHold, FullState]",1,"""OFF""",,1543504694,739919022,1543504706,240245988,[0],80,"[avg_ctrl_freq, avg_est_latency]","[80.0018310546875, 0.003768873168155551]"
1543504712844819722,,383,,1543504712,844017663,'',[FastCircle],['OFF'],,"""FastCircle""","[AltHold, FullState]",1,"""OFF""",,1543504694,739919022,1543504706,240245988,[0],80,"[avg_ctrl_freq, avg_est_latency]","[80.0018310546875, 0.003768873168155551]"
1543504712944882313,,384,,1543504712,944530703,'',[FastCircle],['OFF'],,"""FastCircle""","[AltHold, FullState]",1,"""OFF""",,1543504694,739919022,1543504706,240245988,[0],80,"[avg_ctrl_freq, avg_est_latency]","[80.0018310546875, 0.003768873168155551]"
1543504713044018700,,385,,1543504713,43803974,'',[FastCircle],['OFF'],,"""FastCircle""","[AltHold, FullState]",1,"""OFF""",,1543504694,739919022,1543504706,240245988,[0],80,"[avg_ctrl_freq, avg_est_latency]","[80.0018310546875, 0.003768873168155551]"
1543504713144448433,,386,,1543504713,144175746,'',[FastCircle],['OFF'],,"""FastCircle""","[AltHold, FullState]",1,"""OFF""",,1543504694,739919022,1543504706,240245988,[0],80,"[avg_ctrl_freq, avg_est_latency]","[80.0018310546875, 0.003768873168155551]"
1543504713244995538,,387,,1543504713,244611124,'',[FastCircle],['OFF'],,"""FastCircle""","[AltHold, FullState]",1,"""OFF""",,1543504694,739919022,1543504706,240245988,[0],80,"[avg_ctrl_freq, avg_est_latency]","[80.0018310546875, 0.003768873168155551]"
1543504713344386792,,388,,1543504713,344074666,'',[FastCircle],['OFF'],,"""FastCircle""","[AltHold, FullState]",1,"""OFF""",,1543504694,739919022,1543504706,240245988,[0],80,"[avg_ctrl_freq, avg_est_latency]","[80.0018310546875, 0.003768873168155551]"
1543504713444920175,,389,,1543504713,444519614,'',[FastCircle],['OFF'],,"""FastCircle""","[AltHold, FullState]",1,"""OFF""",,1543504694,739919022,1543504706,240245988,[0],80,"[avg_ctrl_freq, avg_est_latency]","[80.0018310546875, 0.003768873168155551]"
1543504713545234152,,390,,1543504713,544939392,'',[FastCircle],['OFF'],,"""FastCircle""","[AltHold, FullState]",1,"""OFF""",,1543504694,739919022,1543504706,240245988,[0],80,"[avg_ctrl_freq, avg_est_latency]","[80.0018310546875, 0.003768873168155551]"
1543504713644856844,,391,,1543504713,644589867,'',[FastCircle],['OFF'],,"""FastCircle""","[AltHold, FullState]",1,"""OFF""",,1543504694,739919022,1543504706,240245988,[0],80,"[avg_ctrl_freq, avg_est_latency]","[80.0018310546875, 0.003768873168155551]"
1543504713745063554,,392,,1543504713,744499240,'',[FastCircle],['OFF'],,"""FastCircle""","[AltHold, FullState]",1,"""OFF""",,1543504694,739919022,1543504706,240245988,[0],80,"[avg_ctrl_freq, avg_est_latency]","[80.0018310546875, 0.003768873168155551]"
1543504713839682761,,393,,1543504713,839062767,'',[FastCircle],['OFF'],,"""FastCircle""","[AltHold, FullState]",1,"""OFF""",,1543504694,739919022,1543504706,240245988,[0],80,"[avg_ctrl_freq, avg_est_latency]","[80.0018310546875, 0.003768873168155551]"
1543504713944697011,,394,,1543504713,944434332,'',[FastCircle],['OFF'],,"""FastCircle""","[AltHold, FullState]",1,"""OFF""",,1543504694,739919022,1543504706,240245988,[0],80,"[avg_ctrl_freq, avg_est_latency]","[80.0018310546875, 0.003768873168155551]"
1543504714045222369,,395,,1543504714,44869132,'',[FastCircle],['OFF'],,"""FastCircle""","[AltHold, FullState]",1,"""OFF""",,1543504694,739919022,1543504706,240245988,[0],80,"[avg_ctrl_freq, avg_est_latency]","[80.0018310546875, 0.003768873168155551]"
1543504714144627017,,396,,1543504714,144274639,'',[FastCircle],['OFF'],,"""FastCircle""","[AltHold, FullState]",1,"""OFF""",,1543504694,739919022,1543504706,240245988,[0],80,"[avg_ctrl_freq, avg_est_latency]","[80.0018310546875, 0.003768873168155551]"
1543504714244509624,,397,,1543504714,244287286,'',[FastCircle],['OFF'],,"""FastCircle""","[AltHold, FullState]",1,"""OFF""",,1543504694,739919022,1543504706,240245988,[0],80,"[avg_ctrl_freq, avg_est_latency]","[80.0018310546875, 0.003768873168155551]"
1543504714345257588,,398,,1543504714,344756087,'',[FastCircle],['OFF'],,"""FastCircle""","[AltHold, FullState]",1,"""OFF""",,1543504694,739919022,1543504706,240245988,[0],80,"[avg_ctrl_freq, avg_est_latency]","[80.0018310546875, 0.003768873168155551]"
1543504714444451083,,399,,1543504714,444186937,'',[FastCircle],['OFF'],,"""FastCircle""","[AltHold, FullState]",1,"""OFF""",,1543504694,739919022,1543504706,240245988,[0],80,"[avg_ctrl_freq, avg_est_latency]","[80.0018310546875, 0.003768873168155551]"
1543504714544827766,,400,,1543504714,544566951,'',[FastCircle],['OFF'],,"""FastCircle""","[AltHold, FullState]",1,"""OFF""",,1543504694,739919022,1543504706,240245988,[0],80,"[avg_ctrl_freq, avg_est_latency]","[80.0018310546875, 0.003768873168155551]"
1543504714644434032,,401,,1543504714,644138004,'',[FastCircle],['OFF'],,"""FastCircle""","[AltHold, FullState]",1,"""OFF""",,1543504694,739919022,1543504706,240245988,[0],80,"[avg_ctrl_freq, avg_est_latency]","[80.0018310546875, 0.003768873168155551]"
1543504714744799116,,402,,1543504714,744549231,'',[FastCircle],['OFF'],,"""FastCircle""","[AltHold, FullState]",1,"""OFF""",,1543504694,739919022,1543504706,240245988,[0],80,"[avg_ctrl_freq, avg_est_latency]","[80.0018310546875, 0.003768873168155551]"
1543504714844403384,,403,,1543504714,843897975,'',[FastCircle],['OFF'],,"""FastCircle""","[AltHold, FullState]",1,"""OFF""",,1543504694,739919022,1543504706,240245988,[0],80,"[avg_ctrl_freq, avg_est_latency]","[80.0018310546875, 0.003768873168155551]"
1543504714944604802,,404,,1543504714,944305234,'',[FastCircle],['OFF'],,"""FastCircle""","[AltHold, FullState]",1,"""OFF""",,1543504694,739919022,1543504706,240245988,[0],80,"[avg_ctrl_freq, avg_est_latency]","[80.0018310546875, 0.003768873168155551]"
1543504715044983779,,405,,1543504715,44740125,'',[FastCircle],['OFF'],,"""FastCircle""","[AltHold, FullState]",1,"""OFF""",,1543504694,739919022,1543504706,240245988,[0],80,"[avg_ctrl_freq, avg_est_latency]","[80.0018310546875, 0.003768873168155551]"
1543504715144444661,,406,,1543504715,144182260,'',[FastCircle],['OFF'],,"""FastCircle""","[AltHold, FullState]",1,"""OFF""",,1543504694,739919022,1543504706,240245988,[0],80,"[avg_ctrl_freq, avg_est_latency]","[80.0018310546875, 0.003768873168155551]"
1543504715244390343,,407,,1543504715,244134566,'',[FastCircle],['OFF'],,"""FastCircle""","[AltHold, FullState]",1,"""OFF""",,1543504694,739919022,1543504706,240245988,[0],80,"[avg_ctrl_freq, avg_est_latency]","[80.0018310546875, 0.003768873168155551]"
1543504715344608187,,408,,1543504715,344455830,'',[FastCircle],['OFF'],,"""FastCircle""","[AltHold, FullState]",1,"""OFF""",,1543504694,739919022,1543504706,240245988,[0],80,"[avg_ctrl_freq, avg_est_latency]","[80.0018310546875, 0.003768873168155551]"
1543504715445096643,,409,,1543504715,444868836,'',[FastCircle],['OFF'],,"""FastCircle""","[AltHold, FullState]",1,"""OFF""",,1543504694,739919022,1543504706,240245988,[0],80,"[avg_ctrl_freq, avg_est_latency]","[80.0018310546875, 0.003768873168155551]"
1543504715544358761,,410,,1543504715,544204806,'',[FastCircle],['OFF'],,"""FastCircle""","[AltHold, FullState]",1,"""OFF""",,1543504694,739919022,1543504706,240245988,[0],80,"[avg_ctrl_freq, avg_est_latency]","[80.0018310546875, 0.003768873168155551]"
1543504715644835310,,411,,1543504715,644587312,'',[FastCircle],['OFF'],,"""FastCircle""","[AltHold, FullState]",1,"""OFF""",,1543504694,739919022,1543504706,240245988,[0],80,"[avg_ctrl_freq, avg_est_latency]","[80.0018310546875, 0.003768873168155551]"
1543504715744154227,,412,,1543504715,743932097,'',[FastCircle],['OFF'],,"""FastCircle""","[AltHold, FullState]",1,"""OFF""",,1543504694,739919022,1543504706,240245988,[0],80,"[avg_ctrl_freq, avg_est_latency]","[80.0018310546875, 0.003768873168155551]"
